Code,Title,Runtime,Levels,Epic,G.Ad.,Eber,RMH,URL
CCC-3MAGS-01,Vormestrand's Scroll,7,1-4,,,,,https://www.dmsguild.com/product/260364/CCC3MAGSONE-Vormestrands-Scroll?affiliate_id=171040
CCC-AETHER01-01,The Heir of Orcus: Verse I,2-4,1-4,,,,,https://www.dmsguild.com/product/258606/CCCAETHER0101-The-Heir-of-Orcus-Verse-I?affiliate_id=171040
CCC-AETHER01-02,The Heir of Orcus: Verse II,4,1-4,,,,,https://www.dmsguild.com/product/258619/CCCAETHER0102-The-Heir-of-Orcus-Verse-II?affiliate_id=171040
CCC-ALMOG-01,TALES01-01 What Lies Beneath,4,1-4,,,,,https://www.dmsguild.com/product/257958/CCCALMOG01-TALES0101-What-Lies-Beneath?affiliate_id=171040
CCC-ALMOG-03,TALES03-01 - Claws of Fury,4,11-16,,,,,https://www.dmsguild.com/product/250115/CCCALMOG03-TALES0301-Claws-of-Fury?affiliate_id=171040
CCC-AMER-01,Asleep and Awake,4,1-4,,,,,https://www.dmsguild.com/product/247005/CCCAMER01-Asleep-and-Awake?affiliate_id=171040
CCC-AN-01,Secrets of Golden Fire,4,1-4,,,,,https://www.dmsguild.com/product/263173/CCCAN01-Secrets-of-Golden-Fire?affiliate_id=171040
CCC-AN-02,The Wrathful Deity of Khurovogo,2,1-4,,,,,https://www.dmsguild.com/product/250006/CCCAN02-The-Wrathful-Deity-of-Khurovogo?affiliate_id=171040
CCC-AN-03,Winter Wonderland,4,5-10,,,,,https://www.dmsguild.com/product/256915/CCCAN03-Winter-Wonderland?affiliate_id=171040
CCC-ANIME-1-1,Legend of the Sword Bandit,2,1-4,,,,,https://www.dmsguild.com/product/236786/CCC--Anime--11-Legend-of-the-Sword-Bandit-Surprise?affiliate_id=171040
CCC-ANIME-1-2,"Let's Find the Sword, Go!",2,5-10,,,,,https://www.dmsguild.com/product/236787/CCC--Anime--12-Lets-Find-the-Sword-GO?affiliate_id=171040
CCC-ANIME-1-3,"Star Sword, Return",2,5-10,,,,,https://www.dmsguild.com/product/236788/CCC--Anime--13-Star-Sword-Return?affiliate_id=171040
CCC-APL-01-01,It's Not Easy Being Gene,4,1-4,,,,,https://www.dmsguild.com/product/262265/CCCAPL0101-Its-Not-Easy-Being-Gene?affiliate_id=171040
CCC-BLD-0103,Bleeding Gate: Lineage,2,5-10,,,,,https://www.dmsguild.com/product/231700/CCCBLD-0103-Bleeding-Gate-Lineage?affiliate_id=171040
CCC-BLD-11,Bleeding Gate: Pandemonium,2,1-4,,,,,https://www.dmsguild.com/product/218024/CCCBLD-11-Bleeding-Gate-Pandemonium?affiliate_id=171040
CCC-BLD-12,Bleeding Gate: Amalgamation,2,1-4,,,,,https://www.dmsguild.com/product/218099/CCCBLD-12-Bleeding-Gate-Amalgamation?affiliate_id=171040
CCC-BMG MOON 1-1,Moonshae Treasure Hunt,2-4,1-4,,,,,https://www.dmsguild.com/product/262080/CCCBMGMOON11-Moonshae-Treasure-Hunt?affiliate_id=171040
CCC-BMG-01-CORE1-1,A Scream in the Night,4,1-4,,,,,https://www.dmsguild.com/product/184998/CCCBMG01-CORE-11-A-Scream-in-the-Night
CCC-BMG-02-CORE1-2,A Cog in the Wheel,4,1-4,,,,,https://www.dmsguild.com/product/185274/CCCBMG02-CORE-12-A-Cog-in-the-Wheel?affiliate_id=171040
CCC-BMG-03-CORE1-3,A Hole in the World,4,1-4,,,,,https://www.dmsguild.com/product/185275/CCCBMG03-CORE-13-A-Hole-in-the-World?affiliate_id=171040
CCC-BMG-04-CORE2-1,Tales of Good & Evil,4,1-4,,,,,https://www.dmsguild.com/product/189087/CCCBMG04-CORE-21-Tales-of-Good--Evil?affiliate_id=171040
CCC-BMG-05-CORE2-2,Songs of Law & Chaos,4,1-4,,,,,https://www.dmsguild.com/product/189088/CCCBMG05-CORE-22-Songs-of-Law--Chaos?affiliate_id=171040
CCC-BMG-06,CORE2-3 Edicts of Neutrality,4,1-4,,,,,https://www.dmsguild.com/product/189089/CCCBMG06-CORE-23-Edicts-of-Neutrality?affiliate_id=171040
CCC-BMG-07,HULB1-1 Hulburg Rebuilding,4,5-10,,,,,https://www.dmsguild.com/product/189329/CCCBMG07-HULB-11-Hulburg-Rebuilding?affiliate_id=171040
CCC-BMG-08,HULB1-2 Hulburg Burning,4,5-10,,,,,https://www.dmsguild.com/product/189330/CCCBMG08-HULB-12-Hulburg-Burning?affiliate_id=171040
CCC-BMG-09,HULB1-3 Hulburg Rising,4,5-10,,,,,https://www.dmsguild.com/product/189331/CCCBMG09-HULB-13-Hulburg-Rising?affiliate_id=171040
CCC-BMG-10,HILL1-1 Arrival,4,5-10,,,,,https://www.dmsguild.com/product/184953/CCCBMG10-HILL-11-Arrival
CCC-BMG-11,HILL1-2 Exodus,4,5-10,,,,,https://www.dmsguild.com/product/357635/CCCBMGMOON111-A-Darkened-City?affiliate_id=171040
CCC-BMG-12,HILL1-3 Resurgence,4,5-10,,,,,https://www.dmsguild.com/product/185273/CCCBMG12-HILL-13-Resurgence
CCC-BMG-13-PHLAN1-1,Sepulture,4,11-16,,,,,https://www.dmsguild.com/product/189520/CCCBMG13-PHLAN-11-Sepulture
CCC-BMG-14-PHLAN1-2,Enemy of my Enemy,4,11-16,,,,,https://www.dmsguild.com/product/189522/CCCBMG14-PHLAN-12-Enemy-of-my-Enemy
CCC-BMG-15-PHLAN1-3,Subterfuge,4,11-16,,,,,https://www.dmsguild.com/product/189523/CCCBMG15-PHLAN-13-Subterfuge
CCC-BMG-16-ELM1-1,The Sage of Cormanthor,4,5-10,,,,,https://www.dmsguild.com/product/203366/CCCBMG16-ELM-11-The-Sage-of-Cormanthor
CCC-BMG-17-ELM1-2,The Lost Sanctum,4,5-10,,,,,https://www.dmsguild.com/product/204921/CCCBMG17-ELM-12-The-Lost-Sanctum
CCC-BMG-18-ELM1-3,The Battle of Elmwood,4,5-10,,,,,https://www.dmsguild.com/product/204922/CCCBMG18-ELM-13-The-Battle-of-Elmwood
CCC-BMG-19-HULB 2-1,Winters Frosty Kiss,4,5-10,,,,,https://www.dmsguild.com/product/225183/CCCBMG19-HULB21-Winters-Frosty-Kiss
CCC-BMG-20-HULB 2-2,Winters Frigid Wrath,4,5-10,,,,,https://www.dmsguild.com/product/423255/CCCBMGMOON20-Through-the-Storm
CCC-BMG-21-HULB 2-3,Winters Sharp Bite,4,5-10,,,,,https://www.dmsguild.com/product/225185/CCCBMG21-HULB-23-Winters-Sharp-Bite
CCC-BMG-22-PHLAN2-1,Demagogue,4,11-16,,,,,https://www.dmsguild.com/product/230627/CCCBMG22-PHLAN-21-Demagogue
CCC-BMG-23-PHLAN2-2,Hatemaster,4,11-16,,,,,https://www.dmsguild.com/product/230628/CCCBMG23-PHLAN-22-Hatemaster
CCC-BMG-24-PHLAN2-3,The Royal We,4,11-16,,,,,https://www.dmsguild.com/product/230629/CCCBMG24-PHLAN-23-The-Royal-We
CCC-BMG-25-CORE3-1,The Spectral Incursion,4,1-4,,,,,https://www.dmsguild.com/product/239572/CCCBMG25-CORE-31-The-Spectral-Incursion
CCC-BMG-26-CORE3-2,The Ghostly Infestation,4,1-4,,,,,https://www.dmsguild.com/product/239577/CCCBMG26-CORE-32-The-Ghostly-Infestation
CCC-BMG-27-CORE3-3,The Spirited Investigation,4,1-4,,,,,https://www.dmsguild.com/product/239578/CCCBMG27-CORE-33-The-Spirited-Investigation
CCC-BMG-28-HILL2-1,The Red Gathering,4,5-10,,,,,https://www.dmsguild.com/product/240059/CCCBMG28-Hill-21-The-Red-Gathering
CCC-BMG-29-HILL2-2,The Red Herring,4,5-10,,,,,https://www.dmsguild.com/product/240422/CCCBMG29-Hill-22-The-Red-Herring
CCC-BMG-30-HILL2-3,The Red Death,4,5-10,,,,,https://www.dmsguild.com/product/240423/CCCBMG30-Hill-23-The-Red-Death
CCC-BMG-31-PHLAN 3-1,The Conventicle of Chaos,4,1-4,,,,,https://www.dmsguild.com/product/247511/CCCBMG31-PHLAN-31-The-Conventicle-of-Chaos
CCC-BMG-32-PHLAN 3-2,The First Rule,4,1-4,,,,,https://www.dmsguild.com/product/247512/CCCBMG32-PHLAN-32-The-First-Rule
CCC-BMG-33-PHLAN 3-3,Spinning on the Edge,4,1-4,,,,,https://www.dmsguild.com/product/247513/CCCBMG33-PHLAN-33-Spinning-on-the-Edge
CCC-BMG-34-ELM2-1,Tendrils in the Fog,4,5-10,,,,,https://www.dmsguild.com/product/254008/CCCBMG34-ELM-21-Tendrils-in-the-Fog
CCC-BMG-35-ELM2-2,Mists of the Moonsea,4,5-10,,,,,https://www.dmsguild.com/product/254009/CCCBMG35-ELM-22-Mists-of-the-Moonsea
CCC-BMG-36-ELM2-3,Vestiges of Darkness,4,5-10,,,,,https://www.dmsguild.com/product/254011/CCCBMG36-ELM-23-Vestiges-of-Darkness
CCC-BMG-37-HULB 3-1,Weakness of Rock,4,11-16,,,,,https://www.dmsguild.com/product/260904/CCCBMG37-HULB-31-Weakness-of-Rock
CCC-BMG-38-HULB 3-2,Dead Canaries,4,11-16,,,,,https://www.dmsguild.com/product/260905/CCCBMG38-HULB-32-Dead-Canaries
CCC-BMG-39-HULB 3-3,Darkest Vein,4,11-16,,,,,https://www.dmsguild.com/product/260906/CCCBMG39-HULB-33-Darkest-Vein
CCC-BMG-40-HULB 4-1,Whispers from the Deep,4,11-16,,,,,https://www.dmsguild.com/product/264698/CCCBMG40-HULB-41-Whispers-from-the-Deep
CCC-BMG-41-HULB 4-2,Voices from the Deep,4,11-16,,,,,https://www.dmsguild.com/product/264699/CCCBMG41-HULB-42-Voices-from-the-Deep
CCC-BMG-42-HULB 4-3,Call of the Deep,4,11-16,,,,,https://www.dmsguild.com/product/264701/CCCBMG42-HULB-43-Call-of-the-Deep
CCC-BMG-43-PHLAN 4-1,Ghoulies and Ghosties,4,5-10,,,,,https://www.dmsguild.com/product/265111/CCCBMG43-PHLAN-41-Ghoulies-and-Ghosties
CCC-BMG-440PHLAN 4-2,Long Leggity Beasties,4,5-10,,,,,https://www.dmsguild.com/product/265112/CCCBMG44-PHLAN-42-Long-Leggity-Beasties
CCC-BMG-45-PHLAN 4-3,Things That Go Bump in the Night,4,5-10,,,,,https://www.dmsguild.com/product/265113/CCCBMG45-PHLAN-43-Things-That-Go-Bump-in-the-Night
CCC-BMG-46-HILL 3-1,Shepherd the Weak,4,5-10,,,,,https://www.dmsguild.com/product/266616/CCCBMG46-HILL-31-Shepherd-the-Weak
CCC-BMG-47-HILL 3-2,Suffer the Children,4,5-10,,,,,https://www.dmsguild.com/product/266617/CCCBMG47-HILL-32-Suffer-the-Children
CCC-BMG-48-HILL 3-3,Spare the Rod,4,5-10,,,,,https://www.dmsguild.com/product/266618/CCCBMG48-HILL-33-Spare-the-Rod?affiliate_id=171040
CCC-BMG-HILL1S,Onslaught,4,5-10,TRUE,,,
CCC-BMG-HILL2S,Hillsfar Runs Red,4,5-10,TRUE,,,
CCC-BMG-HULB1S,Extinction,4,5-10,TRUE,,,
CCC-BMG-HULB2S,Winter's Feast,4,5-10,TRUE,,,
CCC-BMG-MOON,Moonshae Isles Regional Guide,n/a,n/a,,,,
CCC-BMG-MOON2-1,Defenders of Caer Moray,2-4,1-4,,,,,https://www.dmsguild.com/product/266890/CCCBMGMOON21-Defenders-of-Caer-Moray
CCC-BMG-MOON2-2,Army of the Unseen,2-4,1-4,,,,,https://www.dmsguild.com/product/267912/CCCBMGMOON22-Army-of-the-Unseen
CCC-BMG-MOON2-3,The Eye in the Mist,2-4,1-4,,,,,https://www.dmsguild.com/product/269351/CCCBMGMOON23-The-Eye-in-the-Mist
CCC-BMG-PHLAN1S,Uprising,4,11-16,TRUE,,,,
CCC-BMG-PHLAN2S,Damnation,4,11-16,TRUE,,,
CCC-BWM-001,Howling on the Moonsea,4,5-10,,,,,https://www.dmsguild.com/product/253539/CCCBWM001-Howling-on-the-Moonsea
CCC-BWM-002,The City in the Depths,4,5-10,,,,,https://www.dmsguild.com/product/253855/CCC--BWM--002-The-City-in-the-Depths
CCC-BWM-003,A Tale of Two Towers,4,11-16,,,,,https://www.dmsguild.com/product/253558/CCC--BWM--003-A-Tale-of-Two-Towers
CCC-BWM-06,Introduction to Adventuring,1,1-4,,,,,https://www.dmsguild.com/product/278603/CCCBWM06-Introduction-to-Adventuring
CCC-CIC-01,The Vault of the Devourer,4,1-4,,,,
CCC-CIC-02,The Clockwork Laboratory,4,5-10,,,,
CCC-CIC-03,The Desolate Undercroft,4,5-10,,,,
CCC-CIC-04,Best Friends Forever,4,5-10,,,,
CCC-CIC-05,Donum Vitae,4,5-10,,,,
CCC-CIC-06,End of the Line,4,1-4,,,,
CCC-CIC-07,Pieces of You,4,5-10,,,,
CCC-CIC-08,The Last Voyage of the Woolgathering Tidsoptimist,4,1-4,,,,
CCC-CIC-09,Steamy Shores of Danger,2-4,1-4,,,,
CCC-CIC-10,Terror at Soward Manor,4,5-10,,,,
CCC-CIC-11,Death at Peril Island,4,5-10,,,,
CCC-CIC-12,Redemption at Talos Sound,4,5-10,,,,
CCC-CNE-01,The Treasure Beneath,4,5-10,,,,
CCC-CNE-02,Before The Hatch,4,5-10,,,,
CCC-CNE-03,Into The Depths,4,5-10,,,,
CCC-COTN-01-01,By The Seashore: A Red War Tale,2,1-4,,,,
CCC-DDSC-01,Murder at the Stop,4,1-4,,,,
CCC-DDSC-02,A Fool and His Gold,4,1-4,,,,
CCC-DES01-01,Finding the Rabbit Hole,4,5-10,,,,
CCC-DES01-02,A Sanity Never Questioned,4,5-10,,,,
CCC-DES01-04,An Answer Never Offered,2,5-10,,,,
CCC-DRUID-01,The Scourge Unseen,4,5-10,,,,
CCC-ELF-01,Life's A Party,4,1-4,,,,
CCC-ELF-02,An Adventuring Party Walks Into A Bar,4,1-4,,,,
CCC-ELO-01,For the Kids!,4,1-4,,,,
CCC-ELO-02,The Four Kids,2-4,1-4,,,,
CCC-FC3-01-02,Tales of Estirwald: Corruption of the Elderoak,4,5-10,,,,
CCC-FC3-01-03,Tales of Estirwald: The Fun House,4,11-16,,,,
CCC-FXC-01,Nothing Happens in Elmwood,2,1-4,,,,
CCC-GAD01-01,Broken Blade,2-4,5-10,,,,
CCC-GAD01-02,Red War: Black Phoenix,2-4,5-10,,,,
CCC-GAD01-03,Caught in Time,4-6,11-16,,,,
CCC-GARY-01,A Night to Remember,2,5-10,,,,
CCC-GARY-02,To Find a Way Out,2,5-10,,,,
CCC-GARY-03,"Oh, We're In It, Now",2,5-10,,,,
CCC-GARY-04,The Darkness of the Mountains,2,1-4,,,,
CCC-GARY-05,The Shadows of the Trees,2,1-4,,,,
CCC-GARY-06,The Death Beneath the Roots,2,1-4,,,,
CCC-GARY-07,The Mirror of Gulthias,2,5-10,,,,
CCC-GARY-08,That Wich Lies Buried,2,5-10,,,,
CCC-GARY-09,The Witch Maiden,2,5-10,,,,
CCC-GEL-01,Bedlam at the Benefit,2,1-4,,,,
CCC-GHC-01,Tharaera Lost,2,5-10,,,,
CCC-GHC-02,Skulljaw Hill,2,5-10,,,,
CCC-GHC-03,Facing the Dark,2,5-10,,,,
CCC-GHC-04,Shade of the Dark,2,5-10,,,,
CCC-GHC-05,Trail of Treachery,2,5-10,,,,
CCC-GHC-06,What You Wish For,2,5-10,,,,
CCC-GHC-07,The River Runs Red,2,11-16,,,,
CCC-GHC-08,Death in the Ruins,2,11-16,,,,
CCC-GHC-09,Swamp of Death,2,11-16,,,,
CCC-GHC-BORDER,Border Kingdoms Region Guide,n/a,n/a,,,,
CCC-GHCBK1-01,Into the Border Kingdoms,2,1-4,,,,
CCC-GHCBK1-02,The Tithes That Bind,4,5-10,,,,
CCC-GHCBK1-03,The Darkest Knight,4,5-10,,,,
CCC-GHCBK1-04,I am the Fire,4,5-10,,,,
CCC-GHCBK1-05,For the Glory of Bloutar!,4,5-10,,,,
CCC-GHCBK1-06,Legacy and Virtue,2-4,1-4,,,,
CCC-GHCBK1-07,The Peculiar Case of the Selptan Felines,2-4,1-4,,,,
CCC-GHCBK1-08,The Hunt for Cutter Jack,2,1-4,,,,
CCC-GHCBK1-09,Scavengers,2-4,1-4,,,,
CCC-GHCBK1-10,The Heart of Shadow,4,11-16,,,,
CCC-GLIP-0101,Glip-Dak,2,1-4,,,,
CCC-GLIP-0102,Beneath Glip-Dak,2,1-4,,,,
CCC-GLIP-0103,Citadel of Vlaakith,4,1-4,,,,
CCC-GLIP-0201,Blue Scales,2,5-10,,,,
CCC-GOC-0101,Tree Rot,2,1-4,,,,
CCC-GOC-0102,Cairns of Rot,2,5-10,,,,
CCC-GOC-0103,Winds of Rot,4,5-10,,,,
CCC-GSP-0101,A Dragon's Breath,4,1-4,,,,
CCC-HAL-01,Fate of the Nightworms,4,1-4,,,,
CCC-HAL-02,Six Striking Swords,4,5-10,,,,
CCC-HAL-03,Six Swords Unbound,4,5-10,,,,
CCC-HATMS01-01,"Threatening Tides (Song of Maos, Part 1)",4,5-10,,,,
CCC-HATMS01-02,"Prophecy's Promise (Isle of Maos, Part 2)",4,5-10,,,,
CCC-HATMS01-03,"Destiny Defied (Isle of Maos, Part 3)",4,5-10,,,,
CCC-HATMS02-01,Illithid Activities,4,5-10,,,,
CCC-HATMS02-02,Something Vile This Way Comes,4,11-16,,,,
CCC-HATMS02-03,A Vile Wake,4,11-16,,,,
CCC-IFK-01,Shadow of Greed,2,5-10,,,,
CCC-IFK-02,Shadow of the Weave,4,5-10,,,,
CCC-IFK-03,Shadow of the Dusk Queen,4,5-10,,,,
CCC-JGD-01,Left Black & Blue,2-4,11-16,,,,
CCC-JGD-02,Tortle Crossing,2-4,1-4,,,,
CCC-JGD-03,Tortle Tribulations,2-4,5-10,,,,
CCC-JGD-04,Gods of the Earth,2-4,5-10,,,,
CCC-KUMORI-0101,Wreckers,2,1-4,,,,
CCC-KUMORI-0102,Wretches,2,1-4,,,,
CCC-KUMORI-0204,To Be the Very Best,2,1-4,,,,
CCC-LINKS-01,Champion of the People,4,5-10,,,,
CCC-LINKS-02,The Secrets We Keep,4,11-16,,,,
CCC-MACE-01,The Blight of Geoffrey,4,1-4,,,,
CCC-MACE-02,A Panther's Peril,4,1-4,,,,
CCC-MACE-03,Haunted Memories,4,1-4,,,,
CCC-MCX-01,All in a Day's Work,2,1-4,,,,
CCC-MCX01-02,The Rescue,2,1-4,,,,
CCC-MIND-01,Lost in Thought v1.0,4,11-16,,,,
CCC-MIND-02,Mind Trip v1.00,4,11-16,,,,
CCC-MIND-03,Dream Walkers v1.0,4,11-16,,,,
CCC-MMT01-01,Imaginary Friends,2-4,1-4,,,,
CCC-MMT01-02,A Little Competition Never Hurt Anyone,2,1-4,,,,
CCC-MMT01-03,Honorable Dissent - A Price of the Red War Adventure,2,1-4,,,,
CCC-MYR-01,Friends in Need,4,5-10,,,,
CCC-NBDD01-01,Clever,2,5-10,,,,
CCC-NUKE-0101,The Blighted Sun,4,1-4,,,,
CCC-NUKE-0102,Hide and Seek,4,1-4,,,,
CCC-OCC-01,Red War: Housekeeping Red War tie-in!,4-6,11-16,,,,
CCC-OCC-02,Feast of the Moon,2-4,1-4,,,,
CCC-ODFC-0101,Hammer and Anvil,4,1-4,,,,
CCC-ODFC-0102,"Black Blades, Black Wings",4,5-10,,,,
CCC-ODFC-0103,Elder's Eyes Upon You,4,11-16,,,,
CCC-ODFC-0201,Serenade of Pain,4,1-4,,,,
CCC-ODFC-0202,Palace of the Efreeti,4,5-10,,,,
CCC-ODFC-0203,Night's Bright Dawning,4,11-16,,,,
CCC-ODFC-0301,A Momentary Lapse of Reason,2-4,1-4,,,,
CCC-OHAYOCON-01-03,Fiendly Competition,2-4,5-10,,,,
CCC-PDXAGE-0101,The White Well,2,1-4,,,,
CCC-PDXAGE-0201,The Dark Hunt,2,5-10,,,,
CCC-PHA-01,Six Summoned Swords,4,5-10,,,,
CCC-PPTDD01-01,Trouble Under Winton,2,1-4,,,,
CCC-PRETZ-PLA01,The Mystery at Coppertop Manor,2-4,1-4,,,,
CCC-PRETZ-PLA02,A Mine of Their Own,2-4,1-4,,,,
CCC-PRIORY-01,Maritime Mayhem,2,1-4,,,,
CCC-PRIORY-02,Prison Pitfalls,2,1-4,,,,
CCC-PRIORY-03,Truths in Time,2,1-4,,,,
CCC-QCC2017,"Delusions of Grandeur, Dreams of Revenge",4,11-16,,,,
CCC-QCC2018-01,Of Gods and Monsters,2,11-16,,,,
CCC-QCC2018-02,Heart and Soul,2,5-10,,,,
CCC-REAP-01,Red War: Lost Ashes of a Wayward Gnome,4,5-10,,,,
CCC-ROZK-0101,Binder's Torment,4,11-16,,,,
CCC-ROZK-0102,Zhentarim's Lament,4,11-16,,,,
CCC-ROZK-0103,Necormancer's Ascent,4,11-16,,,,
CCC-RPR-01,Eyes of Blood,4,1-4,,,,
CCC-RPSG-01,Ooze There,4,1-4,,,,
CCC-SAC-01,A Light in the Dark,4,11-16,,,,
CCC-SAC-02,Fun with Fey,4,11-16,,,,
CCC-SAC-03,"They're Good Adventurers, Brent",2,1-4,,,,
CCC-SALT-01-01,Rumor of Riches,2,1-4,,,,
CCC-SALT-01-02,Moor Trouble,2,1-4,,,,
CCC-SALT-01-03,Broken Halls of Goldahroud,4,1-4,,,,
CCC-SALT-02-01,Mulmaster's Meddlings,4,1-4,,,,
CCC-SALT-02-02,Tower in the Valley,4,5-10,,,,
CCC-SALT-0205,The Darkness Never Forgets,4,5-10,,,,
CCC-SCAR01-01,Corrupted Artery,2,1-4,,,,
CCC-SCAR01-02,Glister by Light,4,1-4,,,,
CCC-SCAR02-01,Glister By Dark,4,1-4,,,,
CCC-SCAR02-02,Nature's Defense,4,1-4,,,,
CCC-SFBAY-0101,Plots in Motion,8,5-10,,,,
CCC-SFBAY-0201,Old Enemies Arise,4,5-10,,,,
CCC-SFBAY-0202,Rise of the Ogre King,4,5-10,,,,
CCC-SFBAY-0203,The Risen Minotaur Lord,4,5-10,,,,
CCC-SFBAY-0401,The Cornflower Hive,4,1-4,,,,
CCC-SFBAY-0402,Under Earth and Stone,2,5-10,,,,
CCC-SFBAY-0403,The Ashen Scar,2,1-4,,,,
CCC-SHINY-02,An Open Secret,2,1-4,,,,
CCC-SHINY-04,Elusion of Grand Yore,4,5-10,,,,
CCC-SKULL01-01,A Murder Most Foul,4,5-10,,,,
CCC-SKULL01-02,Not All Who Are Lost Should Be Found,4,5-10,,,,
CCC-SKULL01-03,Who Pulls the Strings,4,5-10,,,,
CCC-SQC-001,The Woodland Sage,4,5-10,,,,
CCC-SQC-0201,None the Wiser,4,5-10,,,,
CCC-SQC-0202,Last Gasp,4,5-10,,,,
CCC-SRCC-0101,Trouble in the Old City,2,1-4,,,,
CCC-SRCC-0102,Down the River of Snakes,2,1-4,,,,
CCC-SRCC-0103,Altar of the Smoldering Eye,2,1-4,,,,
CCC-STORM-01,The Barrows of Solina,4,5-10,,,,
CCC-STORM-02,Swamp of Sorrow: Bloodpurge Village,2-4,5-10,,,,
CCC-STS2-1,Red War - Embassy of Evil,4,5-10,,,,
CCC-SVH01-01,Dawn of the Raven Lord,4,11-16,,,,
CCC-SVH01-02,Raven Lord's Aerie,4,11-16,,,,
CCC-SVH01-03,Vault of the Raven Lord,4,11-16,,,,
CCC-TAROT-0101,Awakening of Fates,2,1-4,,,,
CCC-TAROT-0102,By the Light of the Moon,2,1-4,,,,
CCC-TAROT-0103,A Martyred Heart,2,1-4,,,,
CCC-TAROT-0104,Tangled Woods,2,1-4,,,,
CCC-TAROT-0105,The Lost Apprentice,2,1-4,,,,
CCC-TAROT-0106,Lies in the Moonlight,2,1-4,,,,
CCC-TAROT-0107,The Seat of the Ruler,4,1-4,,,,
CCC-TAROT-02-01,A Sunk Cost,4,5-10,,,,
CCC-THENT-0101,Beneath The Surface,2,1-4,,,,
CCC-THENT-0102,Those That Dwell Beneath,2,1-4,,,,
CCC-THENT-0103,The Dreaming Relic,4,1-4,,,,
CCC-TRI-01,Into the Darkness,4,11-16,,,,
CCC-TRI-02,Impression Left Behind,4,11-16,,,,
CCC-TRI-03,Fences and Swords,2,5-10,,,,
CCC-TRI-04,Birds of a Feather,2,5-10,,,,
CCC-TRI-05,Hunt of Malar,4,5-10,,,,
CCC-TRI-06,Haggard Heroes,4,5-10,,,,
CCC-TRI-07,Beneath the Moonsea,4,5-10,,,,
CCC-TRI-08,Dreadful Wail,4,5-10,,,,
CCC-TRI-09,Tinhammer Falls,4,1-4,,,,
CCC-TRI-10,Contact,4,11-16,,,,
CCC-TRI-11,Flooded Dreams,4,1-4,,,,
CCC-TRI-12,Ill Met in Ylraphon,4,1-4,,,,
CCC-TRI-13,What Lies beneath Ylraphon,4,1-4,,,,
CCC-TRI-14,The Voice in the Night,4,11-16,,,,
CCC-TRI-15,The Dark of the Hive,4,11-16,,,,
CCC-TRI-16,"Ph'theev, the Despondent",4,1-4,,,,
CCC-TRI-17,"Ph'teev, Unbound!",4,1-4,,,,
CCC-TRI-18,Pros & Cons,4,1-4,,,,
CCC-TRI-19,Dead Men's Tales,4,1-4,,,,
CCC-TRI-22,On the Baron's Trail,4,11-16,,,,
CCC-TRI-23,Sub Rosa,4,11-16,,,,
CCC-TRI-24,Knight Errand,4,11-16,,,,
CCC-TRI-25,Dead Men's Treasure,4,5-10,,,,
CCC-TRI-29,Tidefall,4,11-16,,,,
CCC-TRI-30,Remnants of a Dream,1,1-2,,,,
CCC-TRI-31,Out of Time,4,5-10,,,,
CCC-TRI-32,Casks and Caskets,2,1-4,,,,
CCC-TRI-33,Matters of Life and Death,2,1-4,,,,
CCC-TRI-34,Rise of the Sea Dragon,2-4,5-10,,,,
CCC-UCON-01,Blood & Fog,4,5-10,,,,
CCC-UK-1,Call of the Elvenflow,4,1-4,,,,
CCC-UK-2,The Wayward Wives,4,1-4,,,,
CCC-WWC-01,In the Face of Fear,2,1-4,,,,
CCC-WWC-02,Dark Waters of Hate,2,1-4,,,,
CCC-WWC-03,Tyrant of the Forgotten Forge,2,1-4,,,,
CCC-WWC-04,The Black Hand,4,1-4,,,,
CCC-WYC1-1,Back to the Burning,4,5-10,,,,
CCC-WYC1-2,Where Rock and Fire Meet,4,5-10,,,,
CCC-WYC1-3,The Dawn Heresy,4,5-10,,,,
CCC-YLRA-01,Her Dying Wish,4,5-10,,,,
CCC-YLRA-02,Uneasy Lies the Head,4,5-10,,,,
CCC-YLRA-03,Bound By Duty,4,5-10,,,,
CCC-ZIEGE-01,Shadows of the Blood Moon,4,5-10,,,,
CCC-ZIEGE-02,Storm of the Blood Moon,4,5-10,,,,
CCC-ZIEGE-03,Dead Men Feel No Cold,4,5-10,,,,
CCC-ZIEGE-04-01,The Miser's Glory,2-4,1-4,,,,
CCC-ZIEGE-04-02,The Widow's Fang,2-4,1-4,,,,
DDAL-CGB,Cloud Giant's Bargain,4,5-10,,,,
DDAL-DRW01,Breaking Umberlees Resolve,4-6,5-10,,,,
DDAL-DRW02,Blood in the Water,4-6,5-10,,,,
DDAL-DRW03,Saving Silverbeard,4-6,11-16,,,,
DDAL-DRW04,Foreign Affairs,6,11-16,,,,
DDAL-DRW05,Uncertain Scrutiny,6,11-16,,,,
DDAL-DRW06,Thimblerigging,6,11-16,,,,
DDAL-DRW07,Moment of Peace,6,11-16,,,,
DDAL-DRW08,The Harrowing of Hell,8,17-20,,,,
DDAL-DRW09,Vile Bounty,4,5-10,,,,
DDAL-DRW10,Unsafe Harborage,4,5-10,,,,
DDAL-DRW11,Shadows In The Stacks,4,5-10,,,,
DDAL-DRW12,To Walk The Cold Dark,4,5-10,,,,
DDAL-DRW13,Night Thieves,4,5-10,,,,
DDAL-DRW14,The City That Should Not Be,4,11-16,,,,
DDAL-DRW15,Frozen Whispers,4,11-16,,,,
DDAL-DRW16,Uprising,4,11-16,,,,
DDAL-DRW17,Expedition to the Supreme Forge,4,11-16,,,,
DDAL-DRW18,Against the Machine,4,11-16,,,,
DDAL-DRW19,Fall the Cold Night,4,17-20,,,,
DDAL-DRW20,The Death of Szass Tam,4,17-20,,,,
DDAL-EB-01,The Night Land,4,1-4,,,TRUE,
DDAL-EB-02,Voice in the Machine,4,1-4,,,TRUE,
DDAL-EB-03,Where the Dead Wait,4,1-4,,,TRUE,
DDAL-EB-04,The Third Protocol,4,1-4,,,TRUE,
DDAL-EB-05,A Century of Ashes,4,5-10,,,TRUE,
DDAL-EB-06,The Last Word,4,5-10,,,TRUE,
DDAL-EB-07,Song of the Sky,4,5-10,,,TRUE,
DDAL-EB-XX,Eberron Oracle of War - Salvage Bases and Missions,2-4,1-20,,,TRUE,
DDAL-EBEP-01,The Iron Titan,3,1-4,TRUE,,TRUE,
DDAL-ELW00,What's Past is Prologue,2-4,pregens (0),,,TRUE,
DDAL-ELW01,Murder in Skyway,2-4,1-4,,,TRUE,
DDAL-ELW02,Boromar Ball,2-4,1-4,,,TRUE,
DDAL-ELW03,The Cannith Code,2-4,1-4,,,TRUE,
DDAL-ELW04,Jack of Daggers,2-4,1-4,,,TRUE,
DDAL-ELW05,Against the Lightning,2-4,5-10,,,TRUE,
DDAL-ELW06,A Holy Visit,2-4,5-10,,,TRUE,
DDAL-ELW07,Blades of Terror,2-4,5-10,,,TRUE,
DDAL-ELW08,The Kundarak Job,2-4,5-10,,,TRUE,
DDAL-ELW09,Searching for Secrets,2-4,5-10,,,TRUE,
DDAL-ELW10,The Killing Blade,2-4,5-10,,,TRUE,
DDAL-ELW11,Secrets Below,2-4,5-10,,,TRUE,
DDAL-OPEN-2016,Soulbound Tomb,8,1-10,TRUE,,,
DDAL-OPEN-2017,Lost Temples of Lake Luo,4,1-20,TRUE,,,
DDAL-OPEN-2018,Gangs of Waterdeep,8,pregens,TRUE,,,
DDAL-OPEN-2019,Forged in Fire,8,pregens,TRUE,,,
DDAL-WGE-01 ,Encounters in Sharn,n/a,1-10,,TRUE,TRUE,
DDAL00-??,Infernal Machine Rebuild,HC,5-10,,,,
DDAL00-01,Window to the Past,4,5-20,,,,
DDAL00-02-A,Lost Tales of Myth Drannor: The Darkwood Webs,2,1-4,,,,
DDAL00-02-B,Lost Tales of Myth Drannor: The Weirding Vats,2,1-4,,,,
DDAL00-02-C,Lost Tales of Myth Drannor: Spawn of the Maimed Virulence,2,5-10,,,,
DDAL00-02-D,Lost Tales of Myth Drannor: Echoes of the Weeping War,2,5-10,,,,
DDAL00-02-E,Lost Tales of Myth Drannor: Forgotten Foes,2,11-16,,,,
DDAL00-02-F,Lost Tales of Myth Drannor: The Definition of Heroism,2,17-20,,,,
DDAL00-03,Those That Came Before,4,11-20,,,,
DDAL00-04,Winter's Flame,2,1-4,,,,
DDAL00-05,Winter's Splendor,2,1-4,,,,
DDAL00-06,Lost Laboratory of Kwalish,8,5-10,,,,
DDAL00-07,The Embers of Hate,4,1-10,,,,
DDAL00-08,Layers Upon Layers (main),2-4,1-10,,,,
DDAL00-09,Minsc & Boo's Guide to Stuff and Things,2,5-10,,,,
DDAL00-10,Trust and Understanding,6-8,17-20,,,,
DDAL00-11,Pipyap’s Guide to All of the Nine Hells,HC,1-20,,,,
DDAL00-12,Infernal Encounters,1,1-16,,,,
DDAL04-01,Suits of the Mists,1x5,1-2,,,,
DDAL04-02,The Beast,2,1-4,,,,
DDAL04-03,The Executioner,2,1-4,,,,
DDAL04-04,The Marionette,4,1-4,,,,
DDAL04-05,The Seer,2,1-4,,,,
DDAL04-06,The Ghost,4,1-4,,,,
DDAL04-07,The Innocent,4,5-10,,,,
DDAL04-08,The Broken One,2,5-10,,,,
DDAL04-09,The Tempter,2,5-10,,,,
DDAL04-10,The Artifact,4,5-10,,,,
DDAL04-11,The Donjon,4,5-10,,,,
DDAL04-12,The Raven,2,5-10,,,,
DDAL04-13,The Horseman,2,5-10,,,,
DDAL04-14,The Dark Lord,4,5-10,,,,
DDAL05-01,Treasures of the Broken Horde,1x5,1-2,,,,
DDAL05-02,The Black Road,2,1-4,,,,
DDAL05-03,Uninvited Guests,2,1-4,,,,
DDAL05-04,In Dire Need,2,5-10,,,,
DDAL05-05,A Dish Best Served Cold,2,5-10,,,,
DDAL05-06,Beneath the Fetid Chelimber,2,1-4,,,,
DDAL05-07,Chelimber's Descent,2,1-4,,,,
DDAL05-08,Durlag's Tower,4,11-16,,,,
DDAL05-09,Durlag's Tomb,4,11-16,,,,
DDAL05-10,Giant Diplomacy,2,1-4,,,,
DDAL05-11,Forgotten Traditions,4,5-10,,,,
DDAL05-12,Bad Business in Parnast,2,1-4,,,,
DDAL05-13,Jarl Rising,4,5-10,,,,
DDAL05-14,Reeducation,4,11-16,,,,
DDAL05-15,Reclamation,4,11-16,,,,
DDAL05-16,Parnast Under Siege,4,1-4,,,,
DDAL05-17,Hartkiller's Horn,4,5-10,,,,
DDAL05-18,"Eye of Xxiphu, part 1 (The Mysterious Isle)",4,17-20,,,,
DDAL05-19,"Eye of Xxiphu, part 2",4,17-20,,,,
DDAL06-01,A Thousand Tiny Deaths,2,1-4,,,,
DDAL06-02,The Redemption of Kelvan,2,5-10,,,,
DDAL06-03,Crypt of the Death Giants,2,17-20,,,,
DDAL07-01,A City on the Edge,1x5,1-4,,,,
DDAL07-02,Over the Edge,1,5-10,,,,
DDAL07-03,A Day at the Races,2,1-4,,,,
DDAL07-04,A Walk in the Park,2,1-4,,,,
DDAL07-05,Whispers in the Dark,2,1-4,,,,
DDAL07-06,Fester and Burn,2,5-10,,,,
DDAL07-07,Rotting Roots,2,5-10,,,,
DDAL07-08,Putting the Dead to Rest,2,5-10,,,,
DDAL07-09,Unusual Opposition,4,11-16,,,,
DDAL07-10,"Fire, Ash, and Ruin",4,11-16,,,,
DDAL07-11,A Lesson in Love,4,11-16,,,,
DDAL07-12,In Search of Secrets,4,11-16,,,,
DDAL07-13,Old Bones and Older Tomes,4,11-16,,,,
DDAL07-14,The Fathomless Depths of Ill Intent,4,11-16,,,,
DDAL07-15,Streams of Crimson,4,17-20,,,,
DDAL07-16,Pools of Cerulean,4,17-20,,,,
DDAL07-17,Cauldron of Sapphire,4,17-20,,,,
DDAL07-18,Turn Back the Endless Night,4,17-20,,,,
DDAL08-00,Once in Waterdeep,4,1-4,,,,
DDAL08-01,The Map With No Names,2-4,1-4,,,,
DDAL08-02,Beneath the City of the Dead,2-4,1-4,,,,
DDAL08-03,Dock Ward Double Cross,2-4,1-4,,,,
DDAL08-04,A Wrinkle in the Weave,2-4,1-4,,,,
DDAL08-05,Hero of the Troll Wars,2-4,1-4,,,,
DDAL08-06,Purging the Blood,2-4,1-4,,,,
DDAL08-07,Into the Dark,2-4,5-10,,,,
DDAL08-08,Crypt of the Dark Kiss,2-4,5-10,,,,
DDAL08-09,Fangs and Frogs,2-4,5-10,,,,
DDAL08-10,The Skull Square Murders,2-4,5-10,,,,
DDAL08-11,Poisoned Words,2-4,5-10,,,,
DDAL08-12,Xanathar's Wrath,2-4,5-10,,,,
DDAL08-13,The Vampire of Skullport,4-6,11-16,,,,
DDAL08-14,Rescue from Vanrakdoom,4-6,11-16,,,,
DDAL08-15,Forge of Fangs,4-6,11-16,,,,
DDAL08-16,A Change of Address,4-6,17-20,,,,
DDAL08-17,The Tower of Ahghairon,4-6,17-20,,,,
DDAL08-18,Moving Day,2-4,17-20,,,,
DDAL09-01,Escape from Elturel,1x4,1-2,,,,
DDAL09-02,Stopped at the Gate,2-4,1-4,,,,
DDAL09-03,Hungry Shadows,2-4,1-4,,,,
DDAL09-04,Day of the Devil,2-4,1-4,,,,
DDAL09-05,Faces of Fortune,4-6,5-10,,,,
DDAL09-06,Infernal Insurgency,4-6,5-10,,,,
DDAL09-07,Diabolical Dive,4-6,5-10,,,,
DDAL09-08,In the Garden of Evil,4-6,5-10,,,,
DDAL09-09,Ruined Prospects,4-6,5-10,,,,
DDAL09-10,Tipping the Scales,4-6,5-10,,,,
DDAL09-11,Losing Fai,4-6,11-16,,,,
DDAL09-12,The Breath of Life,4-6,11-16,,,,
DDAL09-13,The Swarmed Heart,4-6,11-16,,,,
DDAL09-14,The Vast Emptiness of Grace,4-6,11-16,,,,
DDAL09-15,Maddening Screams,4-6,11-16,,,,
DDAL09-16,Honors Unforseen,4-6,11-16,,,,
DDAL09-17,In the Hand,4-6,11-16,,,,
DDAL09-18,Consequences of Choice,4-6,11-16,,,,
DDAL09-19,Fang and Claw,4-6,17-20,,,,
DDAL09-20,Where Devils Fear to Tread,4-6,17-20,,,,
DDALCA-01,Return to the Ghost Tower of Inverness,4,pregens,TRUE,,,
DDALCA-02,Astral Entanglement,4,pregens,TRUE,,,
DDEP-DRW01,Assault on Myth Nantar,4,5-16,TRUE,,,
DDEP00-01,Red War ,4,1-20,TRUE,,,
DDEP05-01,The Iron Baron,4,1-10,TRUE,,,
DDEP05-02,The Ark of the Mountains,4,1-16,TRUE,,,
DDEP06-01,Relics of Khundrukar,4,1-10,TRUE,,,
DDEP06-02,Return to White Plume Mountain,4,5-16,TRUE,,,
DDEP06-03,Hecatomb,4,11-20,TRUE,,,
DDEP07-01,Peril at the Port,4,1-10,TRUE,,,
DDEP07-02,Drums of the Dead,4,1-20,TRUE,,,
DDEP08-01,Chaos in the City of Splendors,4,1-4,TRUE,,,
DDEP08-02,Stardock Under Siege,4,1-16,TRUE,,,
DDEP09-01,Infernal Pursuits,4,1-10,TRUE,,,
DDEP09-02,Hellfire Requiem,4,1-10,TRUE,,,
DDEP09-03,Liar's Night,4,1-10,TRUE,,,
DDEP1,Corruption in Kryptgarden,4,1-10,TRUE,,,
DDEP2,Mulmaster Undone,4,1-10,TRUE,,,
DDEP3,"Blood Above, Blood Below",4,1-10,TRUE,,,
DDEP4,Reclamation of Phlan,4,1-16,TRUE,,,
DDEX01-01,Defiance in Phlan,1x5,1-2,,,,
DDEX01-02,Secrets of Sokol Keep,4,1-4,,,,
DDEX01-03,Shadows Over the Moonsea,4,1-4,,,,
DDEX01-04,Dues for the Dead,4,1-4,,,,
DDEX01-05,The Courting of Fire,4,1-4,,,,
DDEX01-06,The Scroll Thief,4,1-4,,,,
DDEX01-07,Drums in the Marsh,4,1-4,,,,
DDEX01-08,Tales Trees Tell,4,1-4,,,,
DDEX01-09,Outlaws of the Iron Route,4,1-4,,,,
DDEX01-10,Tyranny in Phlan,4,5-10,,,,
DDEX01-11,Dark Pyramid of Sorcerers Isle,8,5-10,,,,
DDEX01-12,Raiders of the Twilight Marsh,4,5-10,,,,
DDEX01-13,Pool of Radiance Resurgent,4,5-10,,,,
DDEX01-14,Escape from Phlan,4,5-10,,,,
DDEX02-01,City of Danger,1x5,1-2,,,,
DDEX02-02,Embers of Elmwood,4,1-4,,,,
DDEX02-03,The Drowned Tower,4,5-10,,,,
DDEX02-04,Mayhem in the Earthspur Mines,4,5-10,,,,
DDEX02-05,Flames of Kythorn,4,1-4,,,,
DDEX02-06,Breath of the Yellow Rose,4,1-4,,,,
DDEX02-07,Bounty in the Bog,4,1-4,,,,
DDEX02-08,Foulness Beneath Mulmaster,4,1-4,,,,
DDEX02-09,Eye of the Tempest,8,5-10,,,,
DDEX02-10,Cloaks and Shadows,4,1-4,,,,
DDEX02-11,Oubliette of Fort Iron,2,1-4,,,,
DDEX02-12,Dark Rites at Fort Dalton,2,1-4,,,,
DDEX02-13,The Howling Void,4,5-10,,,,
DDEX02-14,The Sword of Selfaril,4,5-10,,,,
DDEX02-15,Black Heart of Vengeance,4,5-10,,,,
DDEX02-16,Boltsmelter's Book,4,1-4,,,,
DDEX03-01,Harried in Hillsfar,1x5,1-2,,,,
DDEX03-02,Shackles of Blood,4,1-4,,,,
DDEX03-03,The Occupation of Szith Morcane,4,5-10,,,,
DDEX03-04,It's All in the Blood,8,11-16,,,,
DDEX03-05,Bane of the Tradeways,2,1-4,,,,
DDEX03-06,No Foolish Matter,2,1-4,,,,
DDEX03-07,Herald of the Moon,4,5-10,,,,
DDEX03-08,The Malady of Elventree,4,5-10,,,,
DDEX03-09,The Waydown,4,5-10,,,,
DDEX03-10,Quelling the Horde,4,1-4,,,,
DDEX03-11,The Quest for Sporedome,2,5-10,,,,
DDEX03-12,Hillsfar Reclaimed,2,1-4,,,,
DDEX03-13,Writhing in the Dark,2,5-10,,,,
DDEX03-14,Death on the Wall,2,1-4,,,,
DDEX03-15,Szith Morcane Unbound,4,5-10,,,,
DDEX03-16,Assault on Maerimydra,8,11-16,,,,
DDHC-CoS,Curse of Strahd,HC,1-10,,,,
DDHC-DIA,Baldur's Gate: Descent into Avernus,HC,1-13,,,,
DDHC-DIA-P,"Baldur’s Gate: Descent into Avernus, Platinum Edition",HC,1-13,,,,
DDHC-DMM,Dungeon of the Mad Mage,HC,5-20,,,,
DDHC-HotDQ,Hoard of the Dragon Queen,HC,1-7,,,,
DDHC-LMoP,Lost Mine of Phandelver,HC,1-4,,,,
DDHC-LR,Locathah Rising,HC,5-10,,,,
DDHC-MORD-01,Riddle of the Raven Queen,HC,5-10,,TRUE,,
DDHC-MORD-02,The Lich-Queen's Begotten,HC,11-16,,TRUE,,
DDHC-MORD-03,To Wake the Leviathan,HC,11-16,,TRUE,,
DDHC-MORD-04,Pudding Faire,HC,1-4,,TRUE,,
DDHC-MORD-05,Escape from Wheloon,HC,1-4,,TRUE,,
DDHC-OotA,Out of the Abyss,HC,1-15,,,,
DDHC-PotA,Princes of the Apocalypse,HC,1-15,,,,
DDHC-RoT,Rise of Tiamat,HC,8-15,,,,
DDHC-SKT,Storm King's Thunder,HC,1-10,,,,
DDHC-ToA,Tomb of Annihilation,HC,1-15,,,,
DDHC-TOA-10,Ruins of Hisari - Adventure,HC,11-16,,TRUE,,
DDHC-TOA-11,Hunter,HC,1-4,,TRUE,,
DDHC-TOA-12,Encounters in the Jungles of Chult,HC,n/a,,TRUE,,
DDHC-TOA-13,The Risen Mists,HC,11-16,,TRUE,,
DDHC-TOA-14,Xanathar's Lost Notes to Everything Else,HC,1-4,,TRUE,,
DDHC-TOA-15,Maze of Shadows,HC,11-16,,TRUE,,
DDHC-TOA-2 ,The Complete Tortle Package,4,1-4,,,,
DDHC-TOA-3,Beast of the Jungle Rot,n/a,n/a,,TRUE,,
DDHC-TOA-4,Cellar of Death,HC,1-4,,TRUE,,
DDHC-TOA-5,Encounters in Port Nyanzaru,HC,1-10,,TRUE,,
DDHC-TOA-6,Heart of the Wild - Lost City of Mezro,HC,5-10,,TRUE,,
DDHC-TOA-7,Ruins of Mezro,HC,1-16,,TRUE,,
DDHC-TOA-8,Return of the Lizard King,HC,1-4,,TRUE,,
DDHC-TOA-9,Ruins of Matolo -  Discovery,HC,5-10,,TRUE,,
DDHC-TYP,Tales from the Yawning Portal,HC,1-15,,,,
DDHC-TYP-A,The Sunless Citadel,HC,1-4,,,,
DDHC-TYP-B,Forge of Fury,HC,1-4,,,,
DDHC-TYP-C,Hidden Shrine of Tamoachan ,HC,5-10,,,,
DDHC-TYP-D,White Plume Mountain,HC,5-10,,,,
DDHC-TYP-E,Dead in Thay,HC,5-10,,,,
DDHC-TYP-F,Against the Giants ,HC,11-16,,,,
DDHC-TYP-G,Tomb of Horrors,HC,11-16,,,,
DDHC-WDH,Waterdeep: Dragon Heist,HC,1-5,,,,
DDHC-WDH-01,Waterdeep - City Encounters,HC,1-4,,TRUE,,
DDHC-WDH-02,Unseen Waterdeep,HC,1-4,,TRUE,,
DDHC-WDH-03,Blue Alley,HC,1-4,,TRUE,,
DDHC-WDH-04,Durnan's Guide to Tavernkeeping,HC,n/a,,TRUE,,
DDHC-WDH-P,"Waterdeep: Dragon Heist, Platinum Edition",HC,1-5,,,,
DDHC-XGE-01,Rats of Waterdeep,HC,1-4,,TRUE,,
DDHC00-DoIP,Dragon of Icespire Peak,HC,1-6,,,,
DDHC00-GSM,Ghosts of Saltmarsh,HC,1-16,,,,
DDHC00-GSM-S,Ghosts of Saltmarsh: Sinister Silver Edition,HC,1-16,,,,
DDIA-04,Death House,HC,1-4,,,,
DDIA-05,A Great Upheaveal,Various,1-4,,,,
DDIA-MORD,Rrakkma,6-8,pregens (9),,,,
DDIA-VOLO,In Volo's Wake,1,1-4,,,,
DDIA-XGE,Underworld Speculation,Various,1-4,,,,
DDIA06-SUNLESSCITADEL,The Sunless Citadel,Various,1-4,,,,
RMH-01,The Final Curtain,3,1,,,,
RMH-02,Back to the Front,3,3,,,,
RMH-03,The Amber Dirge,3,4,,,,
RMH-04,The Amber Secret,3,4,,,,
RMH-05,Unexpected Hospitality,3,5,,,,
RMH-06,Amber Reclamation,3,5,,,,
RMH-07,The City Of Dreams,3,6,,,,
RMH-08,The Palace Of Bones,3,6,,,,
RMH-09,The Deadliest Game,3,6,,,,
RMH-10,Scion Of Darkness,3,7,,,,
RMH-11,Calling Upon the Dead,3,7,,,,
RMH-12,Beneath the New Star,3,7,,,,
RMH-EP-01,The Grand Masquerade,4,1,TRUE,,,
RMH-EP-02,A Darklord's Denouement,4,8,TRUE,,,
DC-POA-A Dragon Heart,A Dragon Heart,4,,,,,
DC-POA-AMAK01,My Loneliness is Killing You,4,,,,,
DC-POA-AOT01-01,Counteroffer,4,,,,,
DC-POA-AOT01-02,Northern Democracy,4,,,,,
DC-POA-AOT01-03,Dead King's Court,4,,,,,
DC-POA-CBB-01,Twirling Towards Oblivion,4,,,,,
DC-POA-CBB-02,Avarice Everlasting,4,,,,,
DC-POA-CBB-03,The Menagerie of Count Zapharry,4,,,,,
DC-POA-CBB-04,Cossum's Universal Constructs,4,,,,,
DC-POA-CBB-05,Menace At The Strandwolf Peaks,4,,,,,
DC-POA-CBB-06,The Mystery of Mendax The Menacing,4,,,,,
DC-POA-CD-01,Icedawn Over Ten Trail,4,,,,,
DC-POA-CG-1-1,Punishment for Pride,4,,,,,
DC-POA-CJK,Gnome Place Like Home: Adventures in Icewind Dalecare,4,,,,,
DC-POA-CODEX-01,Bear the Lode,4,,,,,
DC-POA-CODEX-02,Bear In Mind,4,,,,,
DC-POA-CODEX-03,Bring to Bear,4,,,,,
DC-POA-CONMAR-01,Something Sinister,2-4,,,,,
DC-POA-CONMAR-02,Put That Thing Right Back,4,,,,,
DC-POA-CONMAR-03,Unfrozen,2-4,,,,,
DC-POA-CONMAR-04,Midwinter Celebrations,4,,,,,
DC-POA-CONMAR-05,Need An Exscissorcism?,4,,,,,
DC-POA-CONMAR-06,The Codmothers,4,,,,,
DC-POA-CONMAR-07,Counting Kobolds,4,,,,,
DC-POA-CONMAR-08,The Importance of Being Idol,4,,,,,
DC-POA-CONMAR-09,That's a lot of Kobolds,4,,,,,
DC-POA-CONMAR-10,Who Let the Kobolds Out?,4,,,,,
DC-POA-CONMAR-11,The Dragonship Approaches,4,,,,,
DC-POA-CONMAR-12,Strike-Out in Skrållahie,4,,,,,
DC-POA-CONMAR-13,Finding Harthin,4,,,,,
DC-POA-CONMAR-14,Seal Team Sticks,4,,,,,
DC-POA-CONMAR-15,A Grim Tale at Winter Solsice,4,,,,,
DC-POA-CONMAR-16,Iceberg Dead Ahead,4,,,,,
DC-POA-CONMAR-17,Unrelenting,4,,,,,
DC-POA-CONMAR-18,The Nightshade Sinners,4,,,,,
DC-POA-CONMAR-19,Wherever I May Float,4,,,,,
DC-POA-CONMAR-21,For My People,4,,,,,
DC-POA-COULEE21-01,The Frozen Snipe,4,,,,,
DC-POA-COULEE21-02,Driven Like the Snow,4,,,,,
DC-POA-COULEE21-03,Beasts of Burden,4,,,,,
DC-POA-COULEE21-04,A Snipe in the Hand Is Worth Two Headaches,4,,,,,
DC-POA-CTH1,Roused by Raiders,2,,,,,
DC-POA-CTH2,Searching for a Shorebird,2,,,,,
DC-POA-DCAF01,Let It Goat,4,,,,,
DC-POA-DCAF03,Sputtering Out,2,,,,,
DC-POA-DCAF04,A Macabre Nightal,2-4,,,,,
DC-POA-DCAF05,Head In The Clouds,2,,,,,
Dc-POA-DCAF06,A Front On Frost,2-4,,,,,
DC-POA-DCAF07,I'm In Your Arms,4,,,,,
DC-POA-DCAF08,The Big Ticket,2-4,,,,,
DC-POA-DCAF09,An Ascent to Recall,4,,,,,
DC-POA-DCAF10,The Lute Run,4,,,,,
DC-POA-DCAF11,Icing a Song,4,,,,,
DC-POA-DCAFCG01,Catastrophe Caravan,2,,,,,
DC-POA-DES-05A,Land of Ice and Snow,4,,,,,
DC-POA-DES-05B,Drive Our Ships to New Lands,4,,,,,
DC-POA-DES-05C,We Calmed the Tides of War,4,,,,,
DC-POA-DES-05D,Rebuild All Your Ruins,4,,,,,
DC-POA-DOBU-01-01,Beneath a Stony Stump,4,,,,,
DC-POA-DR001,The Great Chwinga Roundup,4,,,,,
DC-POA-DRAGON-01,Adventures in Babysitting,4,,,,,
DC-POA-DRAGON-02,Hearing the Call,4,,,,,
DC-POA-DRAGON-03,Battlefield of the Mind,4,,,,,
DC-POA-DUCKS-OS-02,Are you open-minded?,2,,,,,
DC-POA-EBAL-TT1,Bru in Trouble,4,,,,,
DC-POA-EH-1,Horsing Around,4,,,,,
DC-POA-EK-WC01,Wilderness Childcare,4,,,,,
DC-POA-EPO-1,A Garden in the North,2,,,,,
DC-POA-EPO-2,The Lighthouse of Graybill,4,,,,,
DC-POA-GARYXIII-01,"Little Feet, Cold Nights",4,,,,,
DC-POA-GARYXIII-02,A New Place to Call Home,4,,,,,
DC-POA-GARYXIII-03,Personal Fouls and Penalties,4,,,,,
DC-POA-GARYXIII-04,"As Above, So Below",4,,,,,
DC-POA-GARYXIII-05,Shard of Hope,4,,,,,
DC-POA-GHL-01,Cold Diggers,4,,,,,
DC-POA-GSP01-01,A Wolf's Whisper,4,,,,,
DC-POA-GSP01-02,Crypt of the Mind Flayers,4,,,,,
DC-POA-GSP02-01H,The Arrival of Mr. Sorrow,2,,,,,
DC-POA-GSP02-02H,The Priest of Caer-Dineval,2,,,,,
DC-POA-GSP02-03H,That Ain't Mead,2,,,,,
DC-POA-GSP02-04H,The Horror Sphere,2,,,,,
DC-POA-GSP03-01,The Missing Link,4,,,,,
DC-POA-GSP03-02,Lost in the Woods,4,,,,,
DC-POA-HAG-SF4,Failing You,2,,,,,
DC-POA-HARM-01-01,First Time for Everything,4,,,,,
DC-POA-HARM-01-02,Time Flies When You’re Delving Dungeons,4,,,,,
DC-POA-HARM-01-03,Killing Time,4,,,,,
DC-POA-ICE01-01,A Fateful Meading,2,,,,,
DC-POA-INAS-01,Beauty and the Mead,4,,,,,
DC-POA-INAS-02,Left Behind,4,,,,,
DC-POA-INGH-01,A Hot Time in the Cold Town Tonight,4,,,,,
DC-POA-JAT-01,Ice to Mead You,4,,,,,
DC-POA-JAT-02,More Than a Stealing,4,,,,,
DC-POA-JAT-03,Two Kobolds in a Trench Coat,4,,,,,
DC-POA-JAT-04,The Enemy Mine,4,,,,,
DC-POA-JCDC-01,Honey... Where's The Money?,4,,,,,
DC-POA-JGD-05,Shadows Under Ice,4,,,,,
DC-POA-JL01,Horror Beneath the Frost,4,,,,,
DC-POA-JTAID,Journey to Adventure: Icewind Dale,2,,,,,
DC-POA-KCB-01,The Lady of the Maer,4,,,,,
DC-POA-KCB-02,Big,4,,,,,
DC-POA-KCB-MBL,The Stolen Curse,4,,,,,
DC-POA-KJ2108,The Needs of the Many,4,,,,,
DC-POA-KW-01,The Grand Estate,4,,,,,
DC-POA-LEGIT-CIPH-01,A Bump in the Night,4,,,,,
DC-POA-LEGIT-SV-01,The Coldlight Star,4,,,,,
DC-POA-LEGIT-SV-02,The Shape of Silence,4,,,,,
DC-POA-LEGIT-SV-03,The Beggar's Blood,4,,,,,
DC-POA-LEXI-01,Don't Wake Yeti,4,,,,,
DC-POA-LIGA-01,The Forsaken Brewery,4,,,,,
DC-POA-MB-01,Pit of Bones,4,,,,,
DC-POA-MCIW-01,Icewind Whale,2,,,,,
DC-POA-MCWWS-02,"Wine, Wizards and Song",4,,,,,
DC-POA-MDV01,Haven (Isn't too far Away),2,,,,,
DC-POA-NB-01,Iruladoon Awakens,4,,,,,
DC-POA-NBDD-01,"Ice, Ice, Birdie",4,,,,,
DC-POA-NN01-01,Where Are Yew,4,,,,,
DC-POA-PESCH-01,To Appease Hunger,2-4,,,,,
DC-POA-PJE-01,Ragdoll Nightmare,2-4,,,,,
DC-POA-PM01,Adventures in babysitting squids,4,,,,,
DC-POA-PM02,Playtime in the Ten-Towns,4,,,,,
DC-POA-PM03,Mindless Digging,2,,,,,
DC-POA-PM04,Losing your Mind,2,,,,,
DC-POA-PM05,Can You Tell Me How To Get To Easthaven Way?,2,,,,,
DC-POA-PM07,I Would Like to Make a Return,2,,,,,
DC-POA-PND-1,Someone Dropped the Goat-Ball,4,,,,,
DC-POA-PND-2,What Skitters Beneath?,2,,,,,
DC-POA-PND-3,The Watcher in the Attic,2,,,,,
DC-POA-PND-4,Eateat Go Home?,2,,,,,
DC-POA-PND-5,What Stalks the Night?,2,,,,,
DC-POA-RED-01,Chwingatown,2,,,,,
DC-POA-RH01,The Chronographers Curse,2,,,,,
DC-POA-ROBIN-01-1,The Taming of the Chwinga,4,,,,,
DC-POA-ROG-1,The Frozen Path To Easthaven,4,,,,,
DC-POA-ROG-2,The Cold Eyes of Terror,4,,,,,
DC-POA-ROG-3,The Last Refuge of Spring,4,,,,,
DC-POA-SAD-ODW,Out of the Dark Woods,4,,,,,
DC-POA-SFG01,Tomb of the Banished Thane,4,,,,,
DC-POA-SH01,Escape from Murder Valley,4,,,,,
DC-POA-SN-01,The Rider in Black,4,,,,,
DC-POA-SN-02,The Ruins of Balors Reach,4,,,,,
DC-POA-SNIPE-01,The Ski Chalet of Artor Morlin,4,,,,,
DC-POA-SSM-01,Among the Conifers,4,,,,,
DC-POA-SUNLIT-01,A Thief in the White,2,,,,,
DC-POA-SUNLIT-02,Dug Too Deep?,2-4,,,,,
DC-POA-SUNLIT-03,A Solstice Tradition,4,,,,,
DC-POA-TCW-ACW-1,First Blood,4,,,,,
DC-POA-TCW-ACW-2,A Cry For Help,4,,,,,
DC-POA-TCW-ACW-3,Written In Blood,4,,,,,
DC-POA-TCW-ACW-4,A Sword in the Stone,4,,,,,
DC-POA-TCW-ACW-5,A Thousand Years Lost,4,,,,,
DC-POA-TDG01-01,Wayward Beginnings,4,,,,,
DC-POA-TDG01-02,Blood Hunters,4,,,,,
DC-POA-TDG01-03,The Wendigo,4,,,,,
DC-POA-TDG01-04,Despair In The Family,4,,,,,
DC-POA-TDG01-05,Curse of Slaad,4,,,,,
DC-POA-TDG01-06,Dale Rangers,4,,,,,
DC-POA-TDG01-07,Rage of the Rime,4,,,,,
DC-POA-TDG01-08,Mountain of Madness,4,,,,,
DC-POA-TDG01-09,Wyrm Walkers,4,,,,,
DC-POA-TDG01-10,Endgame of the Elder Evils,4,,,,,
DC-POA-TDG01-11,DaleVision,4,,,,,
DC-POA-TLOH-01,The Light of Hope,4,,,,,
DC-POA-TTP01-01,The Voice Bringer,4,,,,,
DC-POA-VAN-MT-01,The Thief's Gambit,4,,,,,
DC-POA-VID-01,The Hex of the Horn,4,,,,,
DC-POA-WC-01,Love Finds a Way,4,,,,,
DC-POA-WC-02,Library of Lost Books,4,,,,,
DC-POA-WI-DD-02,Delving in the Dale,2-4,,,,,
DC-POA-WI-TTT-01,Wailing Ice: Trouble and Turmoil in Termalaine,2-4,,,,,
DC-POA-Z-T1S1,Auril's Worship,4,,,,,
DC-POA-Z-T1S3,Oh Brother Where Art Thou?,2,,,,,
DC-POA-Z-T2S1,You Have a Friend in Me,4,,,,,
DC-POA-Z-T2S2,Iggy’s Folly,4,,,,,
DC-POA-ZF01,Undisclosed Ordeals,4,,,,,
DC-POA-ZL-01,Ogre Krush,4,,,,,
DX-POA-OGG-01,Where Good Adventurers Go to Die,4,,,,,
DX-POA-OGG-02,Judge and Jury,4,,,,,
DC-WBW-DES-01-07,The Dark Thread,4,,,,,
DC-WBW-DES-01-08,The Cathedral of the Fomorian Hierophant,4,,,,,
DC-WBW-DES-01-09,Strahd Must Die!,4,,,,,
WBW-CD-DREA-01,The Nightmare of Dreams,4,,,,,
WBW-DC-AA-ASHALON-01,Beneath the Eternal Glacier,4,,,,,
WBW-DC-AA-ASHALON-02,Under the Cover of Stars,4,,,,,
WBW-DC-ABC-01,One Last Time,2,,,,,
WBW-DC-AEG-01,Why aren't we changing?,4,,,,,
WBW-DC-AEG-02,Making Changes,4,,,,,
WBW-DC-AH-01,Afraid of the Dark,4,,,,,
WBW-DC-AMQ-01,Feywild Name Giver,4,,,,,
WBW-DC-AMQ-02,Feywild Robbery,4,,,,,
WBW-DC-AMQ-03,Feywild Trial,4,,,,,
WBW-DC-AMQ-04,Brew me a favor,2,,,,,
WBW-DC-AMQ-05,The Dungeon of Smelly Doom,4,,,,,
WBW-DC-ANDL-01,The Petrified Forest,4,,,,,
WBW-DC-ANDL-02,The Bleeding Veil,4,,,,,
WBW-DC-ANDL-03,The Crossings of Fate,4,,,,,
WBW-DC-ARCON-01,The Multivertshus,2,,,,,
WBW-DC-ARCON-02,Way of the Wedding,2,,,,,
WBW-DC-ARCON-03,A Forest of Memories,2,,,,,
WBW-DC-ARCON-04,The Multivertshus II,2,,,,,
WBW-DC-AUG-01,Last Hour,4,,,,,
WBW-DC-BAG-01,The Flight of the Iron Maiden,4,,,,,
WBW-DC-BERRY-00,Berry Note,2,,,,,
WBW-DC-BIRE-01,Courts and Consequences,4,,,,,
WBW-DC-BIRE-02,Clues and Confrontations,4,,,,,
WBW-DC-BIRE-03,Conveyance and Closure,4,,,,,
WBW-DC-BIRE-04,Concealment and Convolution,4,,,,,
WBW-DC-BIRE-05,Convalescence and Contagion,4,,,,,
WBW-DC-BIRE-06,Clutter and Contraptions,4,,,,,
WBW-DC-BIRE-07,Convergence and Culmination,4,,,,,
WBW-DC-CBB-01,A Fey King's Ransom,4,,,,,
WBW-DC-CBB-02,Escolar’s Grotto,4,,,,,
WBW-DC-CBB-03,The Dragons Hoard of Murkmire Isle,4,,,,,
WBW-DC-CBB-04,Naufrage Atoll,4,,,,,
WBW-DC-CBB-05,A Rainbow For The Storm,4,,,,,
WBW-DC-CBB-06,The Korred Corsair,4,,,,,
WBW-DC-CBB-07,Showdown Above Terror-Pin Reef,4,,,,,
WBW-DC-CBB-08,Paradise In The Tidalbore Isles,4,,,,,
WBW-DC-CG-01,Puzzlement in the Potager,2,,,,,
WBW-DC-CONMAR-01,Many Happy Returns,4,,,,,
WBW-DC-CONMAR-02,Karl Rising,4,,,,,
WBW-DC-CONMAR-03,Ballad of Bullywug Bog,4,,,,,
WBW-DC-CONMAR-04,A Pleasure Cruise,2,,,,,
WBW-DC-CONMAR-05,Death by Chocolate,2,,,,,
WBW-DC-CONMAR-06,Two Hearts Apart,4,,,,,
WBW-DC-CONMAR-07,Impelled Reflections,4,,,,,
WBW-DC-CONMAR-08,Wet. Wet? WET!,4,,,,,
WBW-DC-CONMAR-09,Sweet Dreams,2,,,,,
WBW-DC-CONMAR-10,Midsummer Knights,4,,,,,
WBW-DC-CONMAR-11,Serenade of Sandy Shore,4,,,,,
WBW-DC-CONMAR-12,Dreams of the Wet Wizard,4,,,,,
WBW-DC-CONMAR-13,Losing ConTroll,4,,,,,
WBW-DC-CONMAR-14,Minuet of Misty Mountain,4,,,,,
WBW-DC-CONMAR-15,Salvaging the Story,4,,,,,
WBW-DC-DCAF01,Pixie Dreams,2,,,,,
WBW-DC-DCAF01B,Barangay Bound,2,,,,,
WBW-DC-DCAF02,Harengon Harana,2,,,,,
WBW-DC-DCS-01,Seasons of Blood,4,,,,,
WBW-DC-Death-01,In Defence of Dairy,4,,,,,
WBW-DC-DEN-H1,Pome and Prejudice,4,,,,,
WBW-DC-DEN-H2,Disheartened,4,,,,,
WBW-DC-DGE-01,Underdodge Story,4,,,,,
WBW-DC-DGE-02,The Scorpion's Sting,4,,,,,
WBW-DC-DMMC-01,The Solitude of Solace,4,,,,,
WBW-DC-DOBU-01-01,The Little Wish,4,,,,,
WBW-DC-EBAL-MEF0,Misty Edge Heist,2,,,,,
WBW-DC-EBAL-MEF1,Misty Edge Falls,4,,,,,
WBW-DC-EBAL-MEF2,Misty Edge Incursion,4,,,,,
WBW-DC-FAB-02,Beyond the Clouds,4,,,,,
WBW-DC-FDC-01,The Ember King,2,,,,,
WBW-DC-FDC-03,I Find That Familiar,4,,,,,
WBW-DC-FDC-04,The Monster of Wonderia,2,,,,,
WBW-DC-FDC-05,Crumbling Castles & Candy Clouds,4,,,,,
WBW-DC-FDC-06,The Landscape of Estorian LaFae,2,,,,,
WBW-DC-FDC-07,A Meal to Remember,2,,,,,
WBW-DC-FDC-08,The Great Toy Escape,4,,,,,
WBW-DC-FDC-09,A Stitch in Time,4,,,,,
WBW-DC-FEN-01,Tiddy Mun and the Stranger Stone,2,,,,,
WBW-DC-FEN-02,Tiddy Mun and the Burrow of Bandits,4,,,,,
WBW-DC-FEN-03,Tiddy Mun and the Legends of Fennebog,2,,,,,
WBW-DC-GC14-01,The First Forest,4,,,,,
WBW-DC-GC14-02,Soul of The Forest,4,,,,,
WBW-DC-GC14-03,Of Pumpkins and Promises,4,,,,,
WBW-DC-GC14-04,Peace Talks,4,,,,,
WBW-DC-GGS-01,Rescue for Ryeland,4,,,,,
WBW-DC-HAVN-01,The Search for a Cure,4,,,,,
WBW-DC-HBK-1,Phantasmagoria of Drifting Blossoms,4,,,,,
WBW-DC-HBK-2,A Song for Hopes and Dreams,4,,,,,
WBW-DC-HF-01,Freed of Feeling,2,,,,,
WBW-DC-HH-01,What is Heroism?,4,,,,,
WBW-DC-HH-02,Trial of Flower,4,,,,,
WBW-DC-HIP-01,The Song of the Nightingale,4,,,,,
WBW-DC-IDL-01,One For Sorrow,2,,,,,
WBW-DC-IDL-02,Two For Flinching,2,,,,,
WBW-DC-IDL-03,Three For Free,2,,,,,
WBW-DC-JOQ-01,Dancing at Her Funeral,4,,,,,
WBW-DC-JOQ-02,"Mirror, Mirror…",4,,,,,
WBW-DC-JOQ-03,Giant Serenade,4,,,,,
WBW-DC-JOQ-04,Vanishing the Lady,4,,,,,
WBW-DC-JSH-CEL1,Better with Friends,2,,,,,
WBW-DC-JSH-LIB-01,Inter-Library Interception,2,,,,,
WBW-DC-JSH-LIB-02,Search Engine Optimization,4,,,,,
WBW-DC-JSH-LIB-03,Between Covers and Through Tales,4,,,,,
WBW-DC-JSH-LIB-04,Brightly Burn the Flames of Knowledge,4,,,,,
WBW-DC-KCB-01,Sugar Rush,4,,,,,
WBW-DC-KCB-02,Everything's Fine,4,,,,,
WBW-DC-KCB-03,In Vulnerability,2,,,,,
WBW-DC-KCB-05,Fishing in the Dark,2,,,,,
WBW-DC-KW-01,Pinepetal's Petty Pilfering,4,,,,,
WBW-DC-KW-02,Fair Felonious Faces,4,,,,,
WBW-DC-KW-03,Druscilla's Dangerous Day,4,,,,,
WBW-DC-KW-04,Morena's Mysterious Mark,4,,,,,
WBW-DC-KW-05,Heavenly Hare Hunt,4,,,,,
WBW-DC-LAB-01,Kobold King's Labyrinth,4,,,,,
WBW-DC-LEGIT-SV-04,The City of Starlight,4,,,,,
WBW-DC-LEGIT-SV-05,The Inexorable Span,4,,,,,
WBW-DC-LEGIT-SV-06,The Calamity Jar,4,,,,,
WBW-DC-LIGA01,Breath on the Run,4,,,,,
WBW-DC-LIGA02,Between one World and Another,4,,,,,
WBW-DC-LIGA03,Clash of Reality,4,,,,,
WBW-DC-LSN-01,The Hat That Spat Rats,4,,,,,
WBW-DC-LSN-02,The Party in a Box,4,,,,,
WBW-DC-LSN-03,That Nice Old Lady,4,,,,,
WBW-DC-LSN-04,Sugar & Spice & Everything Nice,4,,,,,
WBW-DC-LUN-01,Spectacle at Shrineholt,4,,,,,
WBW-DC-MC-01,Memento Motus: Séance for the Lost,4,,,,,
WBW-DC-MEM-01,Topology of Memory,4,,,,,
WBW-DC-MEM-02,Depths of Recollection,4,,,,,
WBW-DC-MEZZ,Take it to the Mezzanine!,4,,,,,
WBW-DC-MIKE-01,"Red Door, Black Heart",4,,,,,
WBW-DC-MIMIC-01,A Day in the Life of a Mimic,4,,,,,
WBW-DC-MOM-01,One Moment,4,,,,,
WBW-DC-MOM-02,One Chance,2,,,,,
WBW-DC-MOR-01,A Blight in Mordynia,4,,,,,
WBW-DC-MOR-02,Dark Miasma of the Mausoleum,4,,,,,
WBW-DC-MPOP-01,Out on a Limb,2,,,,,
WBW-DC-NBDD-01,Play The Game,4,,,,,
WBW-DC-NBDD-02,15 Seconds to Curtain,2,,,,,
WBW-DC-NJ-COU-01,Dear Aery,4,,,,,
WBW-DC-NJ-COU-02,Aery's Resolve,4,,,,,
WBW-DC-NJ-HOPE-01,Promises of Hope,4,,,,,
WBW-DC-NTP-01,Cat's Paws,4,,,,,
WBW-DC-NUKE-01,"Magically Delicious, Possibly Rotten",2,,,,,
WBW-DC-PAW-01,Sick as a Dog,4,,,,,
WBW-DC-PHP-01,Pot Luck!,4,,,,,
WBW-DC-PHP-02,A Compendium of Curious Curiosities,4,,,,,
WBW-DC-PHP-HOE-01,The Mill of Mar-Itez,2,,,,,
WBW-DC-PHP-HOE-02,"Something Borrowed, Something Brewed",4,,,,,
WBW-DC-PHP-LCL-02,A Mystical Whimsy,2,,,,,
WBW-DC-PHP-LCL-01,A Cure for Freedom,2,,,,,
WBW-DC-PHP-ORNG-01,What is Real?,4,,,,,
WBW-DC-PHP-ORNG-02,Where do they Go?,4,,,,,
WBW-DC-PHP-PHAN-01,If The Shoe Fits,4,,,,,
WBW-DC-PHP-PHAN-02,Once Upon A Time,4,,,,,
WBW-DC-PHP-POLAR-01,Snow Ice,2,,,,,
WBW-DC-PHP-POLAR-02,You've Goat to be kidding me,4,,,,,
WBW-DC-PHP-REV-01,Lost in Reverie,2,,,,,
WBW-DC-PHP-SPAMMY-01,Flowers Have Feelings,4,,,,,
WBW-DC-PHP-SPRING-01,A Moment of Serendipity,4,,,,,
WBW-DC-PHP-TCOM1,Of Festivals and Fiascoes,4,,,,,
WBW-DC-PHP-TCOM2,Of Toadstools and Tribulations,2,,,,,
WBW-DC-PHP-TCOM3,Of Death and Dawn,4,,,,,
WBW-DC-PHP-TYM-01,i dreamt that i was falling,4,,,,,
WBW-DC-PHP-TYM-02,we woke up in the sky,4,,,,,
WBW-DC-PLS-01,Blade of Creation,4,,,,,
WBW-DC-RKS-01,No Glory In Sleep,4,,,,,
WBW-DC-ROBIN-01-2,Warmth of Winter,4,,,,,
WBW-DC-ROG-01,Imagination Lost,4,,,,,
WBW-DC-ROG-02,A Giant Dilemma,4,,,,,
WBW-DC-ROG-03,Hope In A Medusa’s Eye,4,,,,,
WBW-DC-ROOK-1-1,The Care and Maintenance of the Rookery,4,,,,,
WBW-DC-ROOK-1-2,The Rookery: Rise of the Everplume,4,,,,,
WBW-DC-ROOK-1-3,The Rookery: City of the Dead,4,,,,,
WBW-DC-ROOK-1-4,The Rookery: Long Live the Goblins,4,,,,,
WBW-DC-ROOK-2-1,Rapid Resettlement in the Rookery,4,,,,,
WBW-DC-ROOK-2-2,The Rookery: Into the Velarium,4,,,,,
WBW-DC-ROOK-2-3,The Rookery: The Court of the Crown,4,,,,,
WBW-DC-ROOK-3-1,The Rookery: High Kaldir,4,,,,,
WBW-DC-ROOK-3-2,The Rookery: Frogs of War,4,,,,,
WBW-DC-ROOK-3-3,The Rookery: The Crook in the Rook,4,,,,,
WBW-DC-SO-01,The Labyrinth of Forgotten Memories,4,,,,,
WBW-DC-SQT-01,Hollyphant Love Medley,4,,,,,
WBW-DC-SSM-01,The Grimm Reality,4,,,,,
WBW-DC-SUNLIT-01,A Thief in the White,4,1-4
WBW-DC-SUNLIT-02,Dug Too Deep?,4,1-4
WBW-DC-SUNLIT-03,,
WBW-DC-SUNLIT-04,Blank Stare,4,,,,,,https://www.dmsguild.com/product/383251/WBWDCSunlit04-to-06-Bundle?affiliate_id=171040
WBW-DC-SUNLIT-05,Travelogue,4,,,,,,https://www.dmsguild.com/product/383251/WBWDCSunlit04-to-06-Bundle?affiliate_id=171040
WBW-DC-SUNLIT-06,Township,4,,,,,,https://www.dmsguild.com/product/383251/WBWDCSunlit04-to-06-Bundle?affiliate_id=171040
WBW-DC-TAZ01,I Know What Ewe Did Midsummer,4,,,,,,https://www.dmsguild.com/product/408253/I-Know-What-Ewe-Did-Midsummer-WBWDCTAZ01?affiliate_id=171040
WBW-DC-TBLCMB-03,The Black Lily Contract,2,,,,,,https://www.dmsguild.com/product/392906/The-Black-Lily-Contract-WBWDCTBLCMB03?affiliate_id=171040
WBW-DC-TCW-AVG-1,Missing Yeux,4,,,,,,https://www.dmsguild.com/product/373313/WBWDCTCWAVG1-Missing-Yeux?affiliate_id=171040
WBW-DC-TCW-AVG-2,Unbreak the H'earth,4,,,,,,https://www.dmsguild.com/product/375057/WBWDCTCWAVG2-Unbreak-the-Hearth?affiliate_id=171040
WBW-DC-TEN-01,Two to Tengu,4,,,,,,https://www.dmsguild.com/product/392332/WBWDCTEN01-Two-to-Tengu?affiliate_id=171040
WBW-DC-TEN-02,Festival of Fyre,4,,,,,,https://www.dmsguild.com/product/405901/WBWDCTEN02-Festival-of-Fyre?affiliate_id=171040
WBW-DC-TEN-03,The Tale of Korama,4,,,,,,https://www.dmsguild.com/product/405903/WBWDCTEN03-The-Tale-of-Korama?affiliate_id=171040
WBW-DC-THAL-01,Heartfire Lost,4,,,,,,https://www.dmsguild.com/product/385353/WBWDCTHAL01-Heartfire-Lost?affiliate_id=171040
WBW-DC-THAL-02,Awakened Song,4,,,,,,https://www.dmsguild.com/product/403116/WBWDCTHAL02-Awakened-Song?affiliate_id=171040
WBW-DC-TIC-01,Mushrooms and Malfunctions: A Journey into the Caverns,4,,,,,,https://www.dmsguild.com/product/379481/WBWDCTIC01-Mushrooms-and-Malfunctions-A-Journey-into-the-Caverns?affiliate_id=171040
WBW-DC-TID-01,Witchlight Insecurity,4,,,,,,https://www.dmsguild.com/product/390124/WBWDCTID01-Witchlight-Insecurity?affiliate_id=171040
WBW-DC-TLRMB-02,The Last Resort,2,,,,,,https://www.dmsguild.com/product/382720/The-Last-Resort-WBWDCTLRMB02?affiliate_id=171040
WBW-DC-TMP-01,Buck Wild!,2,,,,,,https://www.dmsguild.com/product/406987/Buck-Wild-WBWDCTMP01?affiliate_id=171040
WBW-DC-TMP-02,Bucking the Trend,2,,,,,,https://www.dmsguild.com/product/407534/Bucking-the-Trend-WBWDCTMP02?affiliate_id=171040
WBW-DC-TMP-03,The Buck Stops,2,,,,,,https://www.dmsguild.com/product/408280/The-Buck-Stops-WBWDCTMP03?affiliate_id=171040
WBW-DC-TREY-01,Mistress Taken!,4,,,,,,https://www.dmsguild.com/product/408565/WBWDCTREY01-Mistress-Taken?affiliate_id=171040
WBW-DC-TRI-01,Strike a Pose,2,,,,,,https://www.dmsguild.com/product/380172/WBWDCTRI01-Strike-a-Pose?affiliate_id=171040
WBW-DC-TRI-02,Nothing Ventured,2,,,,,,https://www.dmsguild.com/product/380175/WBWDCTRI02-Nothing-Ventured?affiliate_id=171040
WBW-DC-TST-01,Color in Light,2,,,,,,https://www.dmsguild.com/product/391503/Color-in-Light-WBWDCTST01?affiliate_id=171040
WBW-DC-UCON-01,The Party that Split,4,,,,,,https://www.dmsguild.com/product/408590/The-Party-that-Split-WBWDCUCON01?affiliate_id=171040
WBW-DC-UCON-02,Have You No Heart?,4,,,,,,https://www.dmsguild.com/product/408615/Have-You-No-Heart-WBWDCUCON02?affiliate_id=171040
WBW-DC-VACONS-01,Welcome to Fablerise,2,,,,,,https://www.dmsguild.com/product/394544/WBWDCVACONS01-Welcome-to-Fablerise?affiliate_id=171040
WBW-DC-VMT-01,Tale As Old As Time,4,,,,,,https://www.dmsguild.com/product/397352/WBWDCVMT01-Tale-As-Old-As-Time?affiliate_id=171040
WBW-DC-VMT-02,Court of the Owl King,4,,,,,,https://www.dmsguild.com/product/408560/WBWDCVMT02-Court-of-the-Owl-King?affiliate_id=171040
WBW-DC-WRT-00,Writer's Block,2,,,,,,https://www.dmsguild.com/product/407835/Writers-Block-WBWDCWRT00?affiliate_id=171040
WBW-DC-ZEP-T1S1,Dragon-bard's Christmas Carol,2,,,,,,https://www.dmsguild.com/product/381765/WBWDCZEPT1S1-Dragonbards-Christmas-Carol--FANTASY-GROUNDS?affiliate_id=171040
WBW-DC-ZEP-T1S2,The Court of Zep,2,,,,,,https://www.dmsguild.com/product/408626/WBWDCZEPT1S2-The-Court-of-Zep?affiliate_id=171040
WBW-DC-ZEP-T1S3,Zep Sightseeing,2,,,,,,https://www.dmsguild.com/product/408629/WBWDCZEPT1S3-Zep-Sightseeing?affiliate_id=171040
WBW-DC-ZEP-T1S4,Mall of Zep,2,,,,,,https://www.dmsguild.com/product/408637/WBWDCZEPT1S4-Mall-of-Zep?affiliate_id=171040
WBW-DC-ZEP-T2S1,Peekaboo,2,,,,,,https://www.dmsguild.com/product/400440/WBWDCZEPT2S18-Feylost-in-Zep-Series?affiliate_id=171040
WBW-DC-ZEP-T2S2,Chimera Concoction,2,,,,,,https://www.dmsguild.com/product/400440/WBWDCZEPT2S18-Feylost-in-Zep-Series?affiliate_id=171040
WBW-DC-ZEP-T2S3,Up Up and Away,2,,,,,,https://www.dmsguild.com/product/400440/WBWDCZEPT2S18-Feylost-in-Zep-Series?affiliate_id=171040
WBW-DC-ZEP-T2S4,Hows the Weather Up There,2,,,,,,https://www.dmsguild.com/product/400440/WBWDCZEPT2S18-Feylost-in-Zep-Series?affiliate_id=171040
WBW-DC-ZEP-T2S5,Off to the Races,2,,,,,,https://www.dmsguild.com/product/400440/WBWDCZEPT2S18-Feylost-in-Zep-Series?affiliate_id=171040
WBW-DC-ZEP-T2S6,Formations of Fomorian,2,,,,,,https://www.dmsguild.com/product/400440/WBWDCZEPT2S18-Feylost-in-Zep-Series?affiliate_id=171040
WBW-DC-ZEP-T2S7,Mazes and Magma,2,,,,,,https://www.dmsguild.com/product/400440/WBWDCZEPT2S18-Feylost-in-Zep-Series?affiliate_id=171040
WBW-DC-ZEP-T2S8,Fate of Zep,2,,,,,,https://www.dmsguild.com/product/400440/WBWDCZEPT2S18-Feylost-in-Zep-Series?affiliate_id=171040
WBW-DC-ZION-01,Anna's Embrace,4,,,,,,https://www.dmsguild.com/product/408575/Annas-Embrace-WBWDCZION01?affiliate_id=171040
WBW-DC-ZION-02,Alexander's Hand,4,,,,,,https://www.dmsguild.com/product/408577/Alexanders-Hand-WBWDCZION02?affiliate_id=171040
WBW-DC-ZION-03,Noctis' Sacrifice,4,,,,,,https://www.dmsguild.com/product/408581/Noctis-Sacrifice-WBWDCZION03?affiliate_id=171040
WBW-DC-ZODIAC-00,Luna Park,2,,,,,,https://www.dmsguild.com/product/382130/WBWDCZODIAC00-Luna-Park?affiliate_id=171040
WBW-DC-ZODIAC-01,The Pied Piper and the Rat King,4,,,,,,https://www.dmsguild.com/product/382134/WBWDCZODIAC01-The-Pied-Piper-and-the-Rat-King?affiliate_id=171040
WBW-DC-ZODIAC-02,"Udder Chaos, The Holy Cowspiracy",4,,,,,,https://www.dmsguild.com/product/382962/WBWDCZODIAC02-Udder-Chaos-The-Holy-Cowspiracy?affiliate_id=171040
WBW-DC-ZODIAC-03,Revenge of the Rakshasa,4,,,,,,https://www.dmsguild.com/product/385999/WBWDCZODIAC03-Revenge-of-the-Rakshasa?affiliate_id=171040
WBW-DC-ZODIAC-04,The Jade Hare,4,,,,,,https://www.dmsguild.com/product/390398/WBWDCZODIAC04-The-Jade-Hare?affiliate_id=171040
WBW-DC-ZODIAC-05,Fey With The Dragon Tattoo,4,,,,,,https://www.dmsguild.com/product/394667/WBWDCZODIAC05-Fey-With-The-Dragon-Tattoo?affiliate_id=171040
WBW-DC-ZODIAC-06,Nightmare of the Naga,4,,,,,,https://www.dmsguild.com/product/398496/WBWDCZODIAC06-Nightmare-of-the-Naga?affiliate_id=171040
WBW-DC-ZODIAC-07,A Fey At The Races,4,,,,,,https://www.dmsguild.com/product/401770/WBWDCZODIAC07-A-Fey-At-The-Races?affiliate_id=171040
WBW-DC-ZODIAC-08,The Golden Goats,4,,,,,,https://www.dmsguild.com/product/403162/WBWDCZODIAC08-The-Golden-Goats?affiliate_id=171040
WBW-DC-ZODIAC-09,Monkey Magic,4,,,,,,https://www.dmsguild.com/product/405144/WBWDCZODIAC09-Monkey-Magic?affiliate_id=171040
WBW-DC-ZODIAC-10,Fey of a Feather,4,,,,,,https://www.dmsguild.com/product/407212/WBWDCZODIAC10-Fey-of-a-Feather?affiliate_id=171040
WBW-DC-ZODIAC-11,The Curious Incident of the Blink Dog in the Feywilds,4,,,,,,https://www.dmsguild.com/product/408430/WBWDCZODIAC11-The-Curious-Incident-of-the-Blink-Dog-in-the-Feywilds?affiliate_id=171040
WBW-DC-ZODIAC-12,Seven Hamurai,4,,,,,,https://www.dmsguild.com/product/408439/WBWDCZODIAC12-Seven-Hamurai?affiliate_id=171040
WBW-DC-ZODIAC-13,Familiar's Feast,4,,,,,,https://www.dmsguild.com/product/408563/WBWDCZODIAC13-Familiars-Feast?affiliate_id=171040