Code,DC Name,Seed Name,Tier,Duration,Copies Sold,Date Published,Badge Rank
DC-WBW-DES-01-07,The Dark Thread,Create a Domain of Delight,2,4,,Aug 2022,
DC-WBW-DES-01-08,The Cathedral of the Fomorian Hierophant,Create a Domain of Delight,2,4,,Aug 2022,
DC-WBW-DES-01-09,Strahd Must Die!,Create a Domain of Delight,2,4,,Aug 2022,
WBW-CD-DREA-01,The Nightmare of Dreams,Create a Domain of Delight,2,4,,Aug 2022,
WBW-DC-AA-ASHALON-01,Beneath the Eternal Glacier,Create a Domain of Delight,2,4,,Aug 2022,
WBW-DC-AA-ASHALON-02,Under the Cover of Stars,Create a Domain of Delight,2,4,,Aug 2022,
WBW-DC-ABC-01,One Last Time,Create a Domain of Delight,2,2,,Aug 2022,
WBW-DC-AEG-01,Why aren't we changing?,Create a Domain of Delight,2,4,,Feb 2022,
WBW-DC-AEG-02,Making Changes ,Create a Domain of Delight,2,4,,Feb 2022,
WBW-DC-AH-01,Afraid of the Dark,Create a Domain of Delight,2,4,,Jun 2022,
WBW-DC-AMQ-01,Feywild Name Giver ,Create a Domain of Delight,1,4,,Jan 2022,
WBW-DC-AMQ-02,Feywild Robbery,Create a Domain of Delight,1,4,,Feb 2022,
WBW-DC-AMQ-03,Feywild Trial,Create a Domain of Delight,1,4,,Apr 2022,
WBW-DC-AMQ-04,Brew me a favor,Create a Domain of Delight,2,2,,Jul 2022,
WBW-DC-AMQ-05,The Dungeon of Smelly Doom,Create a Domain of Delight,2,4,,Aug 2022,
WBW-DC-ANDL-01,The Petrified Forest ,Create a Domain of Delight,2,4,,Nov 2021,Copper
WBW-DC-ANDL-02,The Bleeding Veil ,Create a Domain of Delight,2,4,,Feb 2022,Copper
WBW-DC-ANDL-03,The Crossings of Fate,Create a Domain of Delight,2,4,,May 2022,
WBW-DC-ARCON-01,The Multivertshus,Create a Domain of Delight,1,2,34,Jun 2022,
WBW-DC-ARCON-02,Way of the Wedding,Create a Domain of Delight,2,2,,Jun 2022,
WBW-DC-ARCON-03,A Forest of Memories,Where are We?,1,2,61,Jun 2022,Copper
WBW-DC-ARCON-04,The Multivertshus II,Create a Domain of Delight,1,2,15,Aug 2022,
WBW-DC-AUG-01,Last Hour,Create a Domain of Delight,2,4,,Aug 2022,
WBW-DC-BAG-01,The Flight of the Iron Maiden,Create a Domain of Delight,1,4,,Aug 2022,
WBW-DC-BERRY-00,Berry Note,Create a Domain of Delight,2,2,,Aug 2022,
WBW-DC-BIRE-01,Courts and Consequences,Create a Domain of Delight,1,4,,Aug 2022,
WBW-DC-BIRE-02,Clues and Confrontations,Create a Domain of Delight,1,4,,Aug 2022,
WBW-DC-BIRE-03,Conveyance and Closure,Create a Domain of Delight,1,4,,Aug 2022,
WBW-DC-BIRE-04,Concealment and Convolution,Create a Domain of Delight,1,4,,Aug 2022,
WBW-DC-BIRE-05,Convalescence and Contagion,Create a Domain of Delight,2,4,,Aug 2022,
WBW-DC-BIRE-06,Clutter and Contraptions,Create a Domain of Delight,2,4,,Aug 2022,
WBW-DC-BIRE-07,Convergence and Culmination,Create a Domain of Delight,2,4,,Aug 2022,
WBW-DC-CBB-01 ,A Fey King's Ransom,Create a Domain of Delight,1,4,,Nov 2021,
WBW-DC-CBB-02,Escolar’s Grotto,Create a Domain of Delight,1,4,,Mar 2022,
WBW-DC-CBB-03,The Dragons Hoard of Murkmire Isle,Create a Domain of Delight,1,4,,Apr 2022,
WBW-DC-CBB-04,Naufrage Atoll,Create a Domain of Delight,1,4,,May 2022,
WBW-DC-CBB-05,A Rainbow For The Storm,Create a Domain of Delight,2,4,,May 2022,
WBW-DC-CBB-06,The Korred Corsair,Create a Domain of Delight,2,4,,Jun 2022,
WBW-DC-CBB-07,Showdown Above Terror-Pin Reef,Create a Domain of Delight,2,4,,Jul 2022,
WBW-DC-CBB-08,Paradise In The Tidalbore Isles,Create a Domain of Delight,2,4,,Aug 2022,
WBW-DC-CG-01,Puzzlement in the Potager,Where are We?,1,2,,Mar 2022,
WBW-DC-CONMAR-01,Many Happy Returns,Party Time!,1,4,104,Jan 2022,Silver
WBW-DC-CONMAR-02,Karl Rising,Create a Domain of Delight,2,4,,Dec 2021,Silver
WBW-DC-CONMAR-03,Ballad of Bullywug Bog,Create a Domain of Delight,1,4,,Dec 2021,Copper
WBW-DC-CONMAR-04,A Pleasure Cruise ,Create a Domain of Delight,2,2,,Dec 2021,Silver
WBW-DC-CONMAR-05,Death by Chocolate,Create a Domain of Delight,2,2,,Feb 2022,Silver
WBW-DC-CONMAR-06,Two Hearts Apart,Create a Domain of Delight,2,4,,Jan 2022,Silver
WBW-DC-CONMAR-07,Impelled Reflections,Create a Domain of Delight,1,4,,May 2022,
WBW-DC-CONMAR-08,Wet. Wet? WET!,Create a Domain of Delight,2,4,,Apr 2022,Copper
WBW-DC-CONMAR-09,Sweet Dreams,Create a Domain of Delight,1,2,,Apr 2022,Copper
WBW-DC-CONMAR-10,Midsummer Knights,Blood Bath,2,4,52,Aug 2022,Copper
WBW-DC-CONMAR-11,Serenade of Sandy Shore,Create a Domain of Delight,2,4,,Aug 2022,
WBW-DC-CONMAR-12,Dreams of the Wet Wizard,Create a Domain of Delight,2,4,,Aug 2022,
WBW-DC-CONMAR-13,Losing ConTroll,Create a Domain of Delight,1,4,,Aug 2022,
WBW-DC-CONMAR-14,Minuet of Misty Mountain,Create a Domain of Delight,2,4,,Aug 2022,
WBW-DC-CONMAR-15,Salvaging the Story,A Host Spurned,2,4,51,Aug 2022,Copper
WBW-DC-DCAF01,Pixie Dreams,Create a Domain of Delight,1,2,,Oct 2021,
WBW-DC-DCAF01B,Barangay Bound,Create a Domain of Delight,1,2,,Mar 2022,
WBW-DC-DCAF02,Harengon Harana,Create a Domain of Delight,1,2,,Dec 2021,
WBW-DC-DCS-01,Seasons of Blood,Blood Bath,2,4,,Aug 2022,
WBW-DC-Death-01,In Defence of Dairy,Create a Domain of Delight,2,4,,Aug 2022,
WBW-DC-DEN-H1,Pome and Prejudice,Dryad Despair,2,4,,Aug 2022,
WBW-DC-DEN-H2,Disheartened,Lending a Hand,1,4,,Aug 2022,
WBW-DC-DGE-01,Underdodge Story,Create a Domain of Delight,2,4,,Jan 2022,
WBW-DC-DGE-02,The Scorpion's Sting,Unknown Seed,2,4,,Jul 2022,
WBW-DC-DMMC-01,The Solitude of Solace,Create a Domain of Delight,2,4,,May 2022,
WBW-DC-DOBU-01-01,The Little Wish,Create a Domain of Delight,1,4,,Aug 2022,
WBW-DC-EBAL-MEF0,Misty Edge Heist,Create a Domain of Delight,1,2,,Aug 2022,
WBW-DC-EBAL-MEF1,Misty Edge Falls,Create a Domain of Delight,1,4,,Aug 2022,
WBW-DC-EBAL-MEF2,Misty Edge Incursion,Create a Domain of Delight,2,4,,Aug 2022,
WBW-DC-FAB-02,Beyond the Clouds,Where the Winds Take Us,1,4,,Aug 2022,
WBW-DC-FDC-01,The Ember King,Create a Domain of Delight,1,2,,Sep 2021,Electrum
WBW-DC-FDC-03,I Find That Familiar ,Create a Domain of Delight,1,4,,Sep 2021,Electrum
WBW-DC-FDC-04,The Monster of Wonderia,Create a Domain of Delight,1,2,,Sep 2021,Electrum
WBW-DC-FDC-05 ,Crumbling Castles & Candy Clouds,Create a Domain of Delight,1,4,,Sep 2021,Electrum
WBW-DC-FDC-06,The Landscape of Estorian LaFae,Create a Domain of Delight,1,2,,Sep 2021,Electrum
WBW-DC-FDC-07,A Meal to Remember,Create a Domain of Delight,1,2,,Sep 2021,Electrum
WBW-DC-FDC-08,The Great Toy Escape,Create a Domain of Delight,1,4,,Sep 2021,Electrum
WBW-DC-FDC-09 ,A Stitch in Time,Create a Domain of Delight,1,4,,Sep 2021,Silver
WBW-DC-FEN-01,Tiddy Mun and the Stranger Stone,Create a Domain of Delight,1,2,,May 2022,
WBW-DC-FEN-02,Tiddy Mun and the Burrow of Bandits,Create a Domain of Delight,1,4,,Jul 2022,
WBW-DC-FEN-03,Tiddy Mun and the Legends of Fennebog,Create a Domain of Delight,1,2,,Aug 2022,
WBW-DC-GC14-01,The First Forest,Create a Domain of Delight,1,4,,Mar 2022,
WBW-DC-GC14-02,Soul of The Forest,Create a Domain of Delight,1,4,,Mar 2022,
WBW-DC-GC14-03,Of Pumpkins and Promises,Create a Domain of Delight,1,4,,Mar 2022,
WBW-DC-GC14-04,Peace Talks,Create a Domain of Delight,1,4,,Mar 2022,
WBW-DC-GGS-01,Rescue for Ryeland,Create a Domain of Delight,2,4,,Aug 2022,
WBW-DC-HAVN-01,The Search for a Cure,Create a Domain of Delight,2,4,,Aug 2022,
WBW-DC-HBK-1 ,Phantasmagoria of Drifting Blossoms,Create a Domain of Delight,1,4,,Jan 2022,
WBW-DC-HBK-2,A Song for Hopes and Dreams,Create a Domain of Delight,1,4,,Aug 2022,
WBW-DC-HF-01,Freed of Feeling,Create a Domain of Delight,1,2,,Mar 2022,
WBW-DC-HH-01,What is Heroism?,Create a Domain of Delight,2,4,,Jan 2022,
WBW-DC-HH-02,Trial of Flower,Create a Domain of Delight,2,4,,Feb 2022,
WBW-DC-HIP-01,The Song of the Nightingale,Create a Domain of Delight,1,4,,Aug 2022,
WBW-DC-IDL-01,One For Sorrow,Create a Domain of Delight,2,2,,May 2022,
WBW-DC-IDL-02,Two For Flinching,Create a Domain of Delight,2,2,,Jun 2022,
WBW-DC-IDL-03,Three For Free,Create a Domain of Delight,2,2,,Aug 2022,
WBW-DC-JOQ-01,Dancing at Her Funeral,Create a Domain of Delight,1,4,,Oct 2021,
WBW-DC-JOQ-02,"Mirror, Mirror…",Create a Domain of Delight,1,4,,Nov 2021,
WBW-DC-JOQ-03,Giant Serenade,Create a Domain of Delight,1,4,,Nov 2021,
WBW-DC-JOQ-04,Vanishing the Lady,Create a Domain of Delight,1,4,,Dec 2021,
WBW-DC-JSH-CEL1,Better with Friends,Create a Domain of Delight,2,2,,Aug 2022,
WBW-DC-JSH-LIB-01,Inter-Library Interception,Create a Domain of Delight,1,2,,Aug 2022,
WBW-DC-JSH-LIB-02,Search Engine Optimization,Create a Domain of Delight,1,4,,Aug 2022,
WBW-DC-JSH-LIB-03,Between Covers and Through Tales,Create a Domain of Delight,1,4,,Aug 2022,
WBW-DC-JSH-LIB-04,Brightly Burn the Flames of Knowledge,Create a Domain of Delight,2,4,,Aug 2022,
WBW-DC-KCB-01,Sugar Rush,Create a Domain of Delight,1,4,,Oct 2021,
WBW-DC-KCB-02,Everything's Fine,Create a Domain of Delight,2,4,,Feb 2022,
WBW-DC-KCB-03,In Vulnerability,Create a Domain of Delight,2,2,,Feb 2022,
WBW-DC-KCB-05,Fishing in the Dark,Create a Domain of Delight,1,2,,Aug 2022,
WBW-DC-KW-01,Pinepetal's Petty Pilfering,Sticky Little Fingers,1,4,,Mar 2022,
WBW-DC-KW-02,Fair Felonious Faces,Face Off!,2,4,,Aug 2022,
WBW-DC-KW-03,Druscilla's Dangerous Day,A Draconic Request,2,4,,Aug 2022,
WBW-DC-KW-04,Morena's Mysterious Mark,Woe Unto Ewe,2,4,,Aug 2022,
WBW-DC-KW-05,Heavenly Hare Hunt,Wild Hunt,2,4,,Aug 2022,
WBW-DC-LAB-01,Kobold King's Labyrinth,Create a Domain of Delight,1,4,,Aug 2022,
WBW-DC-LEGIT-SV-04,The City of Starlight,Create a Domain of Delight,1,4,,Oct 2021,
WBW-DC-LEGIT-SV-05,The Inexorable Span,Create a Domain of Delight,2,4,,Mar 2022,
WBW-DC-LEGIT-SV-06,The Calamity Jar,Create a Domain of Delight,2,4,,Jun 2022,
WBW-DC-LIGA01,Breath on the Run,Create a Domain of Delight,1,4,,Aug 2022,
WBW-DC-LIGA02,Between one World and Another,Create a Domain of Delight,1,4,,Aug 2022,
WBW-DC-LIGA03,Clash of Reality,Create a Domain of Delight,1,4,,Aug 2022,
WBW-DC-LSN-01,The Hat That Spat Rats,Create a Domain of Delight,1,4,,Feb 2022,
WBW-DC-LSN-02,The Party in a Box,Create a Domain of Delight,1,4,,Mar 2022,
WBW-DC-LSN-03,That Nice Old Lady,Create a Domain of Delight,1,4,,Jun 2022,
WBW-DC-LSN-04,Sugar & Spice & Everything Nice,Create a Domain of Delight,1,4,,Aug 2022,
WBW-DC-LUN-01,Spectacle at Shrineholt,Create a Domain of Delight,1,4,,Aug 2022,
WBW-DC-MC-01,Memento Motus: Séance for the Lost,Create a Domain of Delight,?,4,,Aug 2022,
WBW-DC-MEM-01,Topology of Memory,Create a Domain of Delight,1,4,,Aug 2022,
WBW-DC-MEM-02,Depths of Recollection,Create a Domain of Delight,1,4,,Aug 2022,
WBW-DC-MEZZ,Take it to the Mezzanine!,Create a Domain of Delight,2,4,,Aug 2022,
WBW-DC-MIKE-01,"Red Door, Black Heart",Lending a Hand,1,4,,Jun 2022,
WBW-DC-MIMIC-01,A Day in the Life of a Mimic,Create a Domain of Delight,2,4,,Aug 2022,
WBW-DC-MOM-01,One Moment,Create a Domain of Delight,2,4,,Apr 2022,
WBW-DC-MOM-02,One Chance,Create a Domain of Delight,2,2,,Aug 2022,
WBW-DC-MOR-01,A Blight in Mordynia,Create a Domain of Delight,1,4,,Aug 2022,
WBW-DC-MOR-02,Dark Miasma of the Mausoleum,Create a Domain of Delight,1,4,,Aug 2022,
WBW-DC-MPOP-01,Out on a Limb,Where are We?,1,2,,Aug 2022,
WBW-DC-NBDD-01,Play The Game,Create a Domain of Delight,2,4,,Jan 2022,Copper
WBW-DC-NBDD-02,15 Seconds to Curtain,Create a Domain of Delight,1,2,,Aug 2022,
WBW-DC-NJ-COU-01,Dear Aery,Create a Domain of Delight,1,4,,Oct 2021,
WBW-DC-NJ-COU-02,Aery's Resolve,A Draconic Request,2,4,,Jun 2022,
WBW-DC-NJ-HOPE-01,Promises of Hope,Create a Domain of Delight,2,4,,Mar 2022,
WBW-DC-NTP-01,Cat's Paws,Create a Domain of Delight,1,4,,Aug 2022,
WBW-DC-NUKE-01,"Magically Delicious, Possibly Rotten",Create a Domain of Delight,1,2,,Aug 2022,
WBW-DC-PAW-01,Sick as a Dog,Create a Domain of Delight,2,4,,Aug 2022,
WBW-DC-PHP-01,Pot Luck!,A Draconic Request,2,4,,Nov 2021,
WBW-DC-PHP-02,A Compendium of Curious Curiosities,Face Off!,2,4,,Feb 2022,
WBW-DC-PHP-HOE-01,The Mill of Mar-Itez,Create a Domain of Delight,1,2,,Aug 2022,
WBW-DC-PHP-HOE-02,"Something Borrowed, Something Brewed",Create a Domain of Delight,2,4,,Aug 2022,
WBW-DC-PHP-LCL-02,A Mystical Whimsy,Create a Domain of Delight,2,2,,Aug 2022,
WBW-DC-PHP-LCL-01,A Cure for Freedom,Create a Domain of Delight,2,2,,Aug 2022,
WBW-DC-PHP-ORNG-01,What is Real?,Create a Domain of Delight,2,4,,Aug 2022,
WBW-DC-PHP-ORNG-02,Where do they Go?,Create a Domain of Delight,2,4,,Aug 2022,
WBW-DC-PHP-PHAN-01,If The Shoe Fits,Create a Domain of Delight,2,4,,Aug 2022,
WBW-DC-PHP-PHAN-02,Once Upon A Time,Create a Domain of Delight,2,4,,Aug 2022,
WBW-DC-PHP-POLAR-01,Snow Ice,Create a Domain of Delight,2,2,,Jun 2022,
WBW-DC-PHP-POLAR-02,You've Goat to be kidding me,Create a Domain of Delight,1,4,,Aug 2022,
WBW-DC-PHP-REV-01,Lost in Reverie,Create a Domain of Delight,1,2,,Jul 2022,
WBW-DC-PHP-SPAMMY-01,Flowers Have Feelings,Create a Domain of Delight,2,4,,Aug 2022,
WBW-DC-PHP-SPRING-01,A Moment of Serendipity,Create a Domain of Delight,2,4,,Jul 2022,Copper
WBW-DC-PHP-TCOM1,Of Festivals and Fiascoes,Create a Domain of Delight,1,4,,Jul 2022,
WBW-DC-PHP-TCOM2,Of Toadstools and Tribulations,Create a Domain of Delight,1,2,,Aug 2022,
WBW-DC-PHP-TCOM3,Of Death and Dawn,Create a Domain of Delight,1,4,,Aug 2022,
WBW-DC-PHP-TYM-01,i dreamt that i was falling,Create a Domain of Delight,2,4,,Aug 2022,
WBW-DC-PHP-TYM-02,we woke up in the sky,Create a Domain of Delight,2,4,,Aug 2022,
WBW-DC-PLS-01,Blade of Creation,Create a Domain of Delight,2,4,,Aug 2022,
WBW-DC-RKS-01,No Glory In Sleep,Create a Domain of Delight,1,4,,Feb 2022,
WBW-DC-ROBIN-01-2,Warmth of Winter,Create a Domain of Delight,2,4,,Sep 2022,
WBW-DC-ROG-01,Imagination Lost,Create a Domain of Delight,2,4,,Aug 2022,
WBW-DC-ROG-02,A Giant Dilemma,Create a Domain of Delight,2,4,,Aug 2022,
WBW-DC-ROG-03,Hope In A Medusa’s Eye,Create a Domain of Delight,2,4,,Aug 2022,
WBW-DC-ROOK-1-1,The Care and Maintenance of the Rookery,Create a Domain of Delight,1,4,,Mar 2022,
WBW-DC-ROOK-1-2,The Rookery: Rise of the Everplume,Create a Domain of Delight,1,4,,Mar 2022,
WBW-DC-ROOK-1-3,The Rookery: City of the Dead,Create a Domain of Delight,1,4,,May 2022,
WBW-DC-ROOK-1-4,The Rookery: Long Live the Goblins,Create a Domain of Delight,1,4,,Jun 2022,
WBW-DC-ROOK-2-1,Rapid Resettlement in the Rookery,Create a Domain of Delight,2,4,,Mar 2022,
WBW-DC-ROOK-2-2,The Rookery: Into the Velarium,Create a Domain of Delight,2,4,,Aug 2022,
WBW-DC-ROOK-2-3,The Rookery: The Court of the Crown,Create a Domain of Delight,2,4,,Aug 2022,
WBW-DC-ROOK-3-1,The Rookery: High Kaldir,Create a Domain of Delight,2,4,,Aug 2022,
WBW-DC-ROOK-3-2,The Rookery: Frogs of War,Create a Domain of Delight,2,4,,Aug 2022,
WBW-DC-ROOK-3-3,The Rookery: The Crook in the Rook,Create a Domain of Delight,2,4,,Aug 2022,
WBW-DC-SO-01,The Labyrinth of Forgotten Memories,Create a Domain of Delight,1,4,,Aug 2022,
WBW-DC-SQT-01,Hollyphant Love Medley,Create a Domain of Delight,1,4,,Nov 2021,Silver
WBW-DC-SSM-01,The Grimm Reality,Create a Domain of Delight,2,4,,Apr 2022,
WBW-DC-SUNLIT-04,Blank Stare,Face Off!,2,4,,Jan 2022,
WBW-DC-SUNLIT-05,Travelogue,Create a Domain of Delight,2,4,,Jan 2022,
WBW-DC-SUNLIT-06,Township,Create a Domain of Delight,2,4,,Jan 2022,
WBW-DC-TAZ01,I Know What Ewe Did Midsummer,Woe Unto Ewe,2,4,,Aug 2022,
WBW-DC-TBLCMB-03,The Black Lily Contract,Create a Domain of Delight,1,2,,Apr 2022,
WBW-DC-TCW-AVG-1,Missing Yeux,Wildest Dreams,2,4,,Oct 2021,
WBW-DC-TCW-AVG-2,Unbreak the H'earth,Create a Domain of Delight,2,4,,Oct 2021,
WBW-DC-TEN-01,Two to Tengu,Create a Domain of Delight,1,4,,Apr 2022,
WBW-DC-TEN-02,Festival of Fyre,Create a Domain of Delight,2,4,,Aug 2022,
WBW-DC-TEN-03,The Tale of Korama,Create a Domain of Delight,2,4,,Aug 2022,
WBW-DC-THAL-01,Heartfire Lost,Create a Domain of Delight,1,4,,Feb 2022,
WBW-DC-THAL-02,Awakened Song,Create a Domain of Delight,1,4,,Jul 2022,
WBW-DC-TIC-01,Mushrooms and Malfunctions: A Journey into the Caverns,Create a Domain of Delight,1,4,,Dec 2021,
WBW-DC-TID-01,Witchlight Insecurity,Create a Domain of Delight,1,4,,Mar 2022,
WBW-DC-TLRMB-02,The Last Resort,Create a Domain of Delight,1,2,,Jan 2022,
WBW-DC-TMP-01,Buck Wild!,Create a Domain of Delight,1,2,,Aug 2022,
WBW-DC-TMP-02,Bucking the Trend,Create a Domain of Delight,2,2,,Aug 2022,
WBW-DC-TMP-03,The Buck Stops,Create a Domain of Delight,2,2,,Aug 2022,
WBW-DC-TREY-01,Mistress Taken!,Create a Domain of Delight,2,4,,Sep 2022,
WBW-DC-TRI-01,Strike a Pose,Create a Domain of Delight,1,2,,Dec 2021,
WBW-DC-TRI-02,Nothing Ventured,Create a Domain of Delight,1,2,,Dec 2021,
WBW-DC-TST-01,Color in Light,Create a Domain of Delight,2,2,,Apr 2022,
WBW-DC-UCON-01,The Party that Split,Party Time!,1,4,6,Aug 2022,
WBW-DC-UCON-02,Have You No Heart?,Create a Domain of Delight,2,4,20,Aug 2022,
WBW-DC-VACONS-01,Welcome to Fablerise,Where are We?,1,2,14,Apr 2022,
WBW-DC-VMT-01,Tale As Old As Time,Create a Domain of Delight,1,4,,May 2022,
WBW-DC-VMT-02,Court of the Owl King,Create a Domain of Delight,2,4,,Aug 2022,
WBW-DC-WRT-00,Writer's Block,A Host Spurned,2,2,,Aug 2022,
WBW-DC-ZEP-T1S1,Dragon-bard's Christmas Carol,Create a Domain of Delight,1,2,,Dec 2021,
WBW-DC-ZEP-T1S2,The Court of Zep,Create a Domain of Delight,1,2,,Sep 2022,
WBW-DC-ZEP-T1S3,Zep Sightseeing,Create a Domain of Delight,1,2,,Sep 2022,
WBW-DC-ZEP-T1S4,Mall of Zep,Create a Domain of Delight,1,2,,Sep 2022,
WBW-DC-ZEP-T2S1,Peekaboo,Create a Domain of Delight,2,2,,Jun 2022,
WBW-DC-ZEP-T2S2,Chimera Concoction,Create a Domain of Delight,2,2,,Jun 2022,
WBW-DC-ZEP-T2S3,Up Up and Away,Create a Domain of Delight,2,2,,Jun 2022,
WBW-DC-ZEP-T2S4,Hows the Weather Up There,Create a Domain of Delight,2,2,,Jun 2022,
WBW-DC-ZEP-T2S5,Off to the Races,Create a Domain of Delight,2,2,,Jun 2022,
WBW-DC-ZEP-T2S6,Formations of Fomorian,Create a Domain of Delight,2,2,,Jun 2022,
WBW-DC-ZEP-T2S7,Mazes and Magma,Create a Domain of Delight,2,2,,Jun 2022,
WBW-DC-ZEP-T2S8,Fate of Zep,Create a Domain of Delight,2,2,,Jun 2022,
WBW-DC-ZION-01,Anna's Embrace,Create a Domain of Delight,2,4,,Aug 2022,
WBW-DC-ZION-02,Alexander's Hand,Create a Domain of Delight,2,4,,Aug 2022,
WBW-DC-ZION-03,Noctis' Sacrifice,Create a Domain of Delight,2,4,,Aug 2022,
WBW-DC-ZODIAC-00,Luna Park,Create a Domain of Delight,1,2,,Dec 2021,
WBW-DC-ZODIAC-01,The Pied Piper and the Rat King,Create a Domain of Delight,1,4,,Dec 2021,
WBW-DC-ZODIAC-02,"Udder Chaos, The Holy Cowspiracy",Create a Domain of Delight,1,4,,Jan 2022,
WBW-DC-ZODIAC-03,Revenge of the Rakshasa,Create a Domain of Delight,2,4,,Jan 2022,
WBW-DC-ZODIAC-04,The Jade Hare,Create a Domain of Delight,1,4,,Mar 2022,
WBW-DC-ZODIAC-05,Fey With The Dragon Tattoo,Create a Domain of Delight,2,4,,Apr 2022,
WBW-DC-ZODIAC-06,Nightmare of the Naga,Create a Domain of Delight,2,4,,Jun 2022,
WBW-DC-ZODIAC-07,A Fey At The Races,Create a Domain of Delight,2,4,,Jul 2022,
WBW-DC-ZODIAC-08,The Golden Goats,Create a Domain of Delight,2,4,,Jul 2022,
WBW-DC-ZODIAC-09,Monkey Magic,Create a Domain of Delight,2,4,,Aug 2022,
WBW-DC-ZODIAC-10,Fey of a Feather,Create a Domain of Delight,2,4,,Aug 2022,
WBW-DC-ZODIAC-11,The Curious Incident of the Blink Dog in the Feywilds,Create a Domain of Delight,2,4,,Aug 2022,
WBW-DC-ZODIAC-12,Seven Hamurai,Create a Domain of Delight,2,4,,Aug 2022,
WBW-DC-ZODIAC-13,Familiar's Feast,Create a Domain of Delight,2,4,,Aug 2022,